dataset,query_uniprot_id,target_uniprot_id,appearance_count,Protein_ID
solubility_down,A0A075B5M7,A0A075B5M7,1,A0A075B5M7
solubility_down,A0A075B5M7,A0A075B5N3,1,A0A075B5M7
solubility_down,A0A075B5M7,P03977,1,A0A075B5M7
solubility_down,A0A075B5M7,Q62230,1,A0A075B5M7
solubility_down,A0A075B5M7,A0A075B680,1,A0A075B5M7
solubility_down,A0A075B5M7,Q6PDN3,1,A0A075B5M7
solubility_down,A0A075B5M7,Q80SU7,1,A0A075B5M7
solubility_down,A0A075B5M7,Q91V24,1,A0A075B5M7
solubility_down,A0A075B5N3,A0A075B5N3,1,A0A075B5N3
solubility_down,A0A075B5N3,A0A075B5M7,1,A0A075B5N3
solubility_down,A0A075B5N3,P03977,1,A0A075B5N3
solubility_down,A0A075B5N3,Q62230,1,A0A075B5N3
solubility_down,A0A075B5N3,A0A075B680,1,A0A075B5N3
solubility_down,A0A075B5N3,Q6PDN3,1,A0A075B5N3
solubility_down,A0A075B5N3,Q5U430,1,A0A075B5N3
solubility_down,A0A075B680,A0A075B680,1,A0A075B680
solubility_down,A0A075B680,Q62230,1,A0A075B680
solubility_down,A0A075B680,Q6PDN3,1,A0A075B680
solubility_down,A0A075B680,A0A075B5N3,1,A0A075B680
solubility_down,A0A075B680,A0A075B5M7,1,A0A075B680
solubility_down,A0A075B680,Q80SU7,1,A0A075B680
solubility_down,A3KFX0,A3KFX0,1,A3KFX0
solubility_down,A3KFX0,Q91V24,1,A3KFX0
solubility_down,A3KFX0,E9Q3L2,1,A3KFX0
solubility_down,A3KFX0,Q80SU7,1,A3KFX0
solubility_down,A3KFX0,Q5U430,1,A3KFX0
solubility_down,A3KFX0,Q8K440,1,A3KFX0
solubility_down,A3KMP2,A3KMP2,1,A3KMP2
solubility_down,A3KMP2,E9Q3L2,1,A3KMP2
solubility_down,A3KMP2,Q91V24,1,A3KMP2
solubility_down,A3KMP2,Q80SU7,1,A3KMP2
solubility_down,A3KMP2,Q5U430,1,A3KMP2
solubility_down,A3KMP2,Q8K440,1,A3KMP2
solubility_down,B8QI36,B8QI36,1,B8QI36
solubility_down,B8QI36,Q91V24,1,B8QI36
solubility_down,B8QI36,Q80SU7,1,B8QI36
solubility_down,B8QI36,E9Q3L2,1,B8QI36
solubility_down,B8QI36,Q5U430,1,B8QI36
solubility_down,B8QI36,Q9JMH9,1,B8QI36
solubility_down,B8QI36,Q8K440,1,B8QI36
solubility_down,D3Z1D3,D3Z1D3,1,D3Z1D3
solubility_down,D3Z1D3,Q91V24,1,D3Z1D3
solubility_down,D3Z1D3,E9Q3L2,1,D3Z1D3
solubility_down,D3Z1D3,Q80SU7,1,D3Z1D3
solubility_down,D3Z1D3,P14873,1,D3Z1D3
solubility_down,D3Z1D3,Q5U430,1,D3Z1D3
solubility_down,D3Z4S3,D3Z4S3,1,D3Z4S3
solubility_down,D3Z4S3,Q80SU7,1,D3Z4S3
solubility_down,D3Z4S3,Q91V24,1,D3Z4S3
solubility_down,D3Z4S3,E9Q3L2,1,D3Z4S3
solubility_down,D3Z4S3,Q5U430,1,D3Z4S3
solubility_down,E9PWI3,E9PWI3,1,E9PWI3
solubility_down,E9PWI3,Q80SU7,1,E9PWI3
solubility_down,E9PWI3,E9Q3L2,1,E9PWI3
solubility_down,E9PWI3,Q9JMH9,1,E9PWI3
solubility_down,E9PWI3,Q91V24,1,E9PWI3
solubility_down,E9PWI3,Q5U430,1,E9PWI3
solubility_down,E9Q3L2,E9Q3L2,1,E9Q3L2
solubility_down,E9Q3L2,Q91V24,1,E9Q3L2
solubility_down,E9Q3L2,Q80SU7,1,E9Q3L2
solubility_down,E9Q3L2,Q5U430,1,E9Q3L2
solubility_down,E9Q3L2,Q8K440,1,E9Q3L2
solubility_down,G3UXL2,G3UXL2,1,G3UXL2
solubility_down,G3UXL2,Q9CS42,1,G3UXL2
solubility_down,G3UXL2,Q8C5R8,1,G3UXL2
solubility_down,G3UXL2,Q8R574,1,G3UXL2
solubility_down,G3UXL2,Q9D0M1,1,G3UXL2
solubility_down,G3UXL2,Q80SU7,1,G3UXL2
solubility_down,G3UXL2,E9Q3L2,1,G3UXL2
solubility_down,G3UXL2,Q91V24,1,G3UXL2
solubility_down,G3UXL2,Q5U430,1,G3UXL2
solubility_down,G3UXL2,Q8K440,1,G3UXL2
solubility_down,O08547,O08547,1,O08547
solubility_down,O08547,Q80SU7,1,O08547
solubility_down,O08547,E9Q3L2,1,O08547
solubility_down,O08547,Q91V24,1,O08547
solubility_down,O08547,Q8K440,1,O08547
solubility_down,O08547,Q5U430,1,O08547
solubility_down,O08689,O08689,1,O08689
solubility_down,O08689,Q80SU7,1,O08689
solubility_down,O08689,E9Q3L2,1,O08689
solubility_down,O08689,Q91V24,1,O08689
solubility_down,O08689,Q8K440,1,O08689
solubility_down,O08689,Q5U430,1,O08689
solubility_down,O08788,O08788,1,O08788
solubility_down,O08788,E9Q3L2,1,O08788
solubility_down,O08788,Q91V24,1,O08788
solubility_down,O08788,Q80SU7,1,O08788
solubility_down,O08788,Q5U430,1,O08788
solubility_down,O08788,Q9JMH9,1,O08788
solubility_down,O08788,Q8K440,1,O08788
solubility_down,O08917,O08917,1,O08917
solubility_down,O08917,Q60634,1,O08917
solubility_down,O08917,E9Q3L2,1,O08917
solubility_down,O08917,Q80SU7,1,O08917
solubility_down,O08917,Q91V24,1,O08917
solubility_down,O08917,Q9JMH9,1,O08917
solubility_down,O35206,O35206,1,O35206
solubility_down,O35206,Q91V24,1,O35206
solubility_down,O35206,E9Q3L2,1,O35206
solubility_down,O35206,Q5U430,1,O35206
solubility_down,O35379,O35379,1,O35379
solubility_down,O35379,Q91V24,1,O35379
solubility_down,O35379,E9Q3L2,1,O35379
solubility_down,O35379,Q8K440,1,O35379
solubility_down,O35379,Q80SU7,1,O35379
solubility_down,O35379,Q5U430,1,O35379
solubility_down,O35678,O35678,1,O35678
solubility_down,O35678,Q91V24,1,O35678
solubility_down,O35678,E9Q3L2,1,O35678
solubility_down,O35678,Q80SU7,1,O35678
solubility_down,O35678,Q5U430,1,O35678
solubility_down,O35678,Q8K440,1,O35678
solubility_down,O54734,O54734,1,O54734
solubility_down,O54734,Q91V24,1,O54734
solubility_down,O54734,Q8K440,1,O54734
solubility_down,O54734,E9Q3L2,1,O54734
solubility_down,O54734,Q80SU7,1,O54734
solubility_down,O54734,Q5U430,1,O54734
solubility_down,O70373,O70373,1,O70373
solubility_down,O70373,Q91V24,1,O70373
solubility_down,O70373,Q80SU7,1,O70373
solubility_down,O70373,E9Q3L2,1,O70373
solubility_down,O70373,Q5U430,1,O70373
solubility_down,O70373,Q8K440,1,O70373
solubility_down,O70439,O70439,1,O70439
solubility_down,O70439,Q80SU7,1,O70439
solubility_down,O70439,E9Q3L2,1,O70439
solubility_down,O88673,O88673,1,O88673
solubility_down,O88673,Q91V24,1,O88673
solubility_down,O88673,Q80SU7,1,O88673
solubility_down,O88673,E9Q3L2,1,O88673
solubility_down,O88673,Q5U430,1,O88673
solubility_down,O88673,Q8K440,1,O88673
solubility_down,O88986,O88986,1,O88986
solubility_down,O88986,Q91V24,1,O88986
solubility_down,O88986,E9Q3L2,1,O88986
solubility_down,O88986,Q80SU7,1,O88986
solubility_down,O88986,Q8K440,1,O88986
solubility_down,O88986,Q5U430,1,O88986
solubility_down,O89053,O89053,1,O89053
solubility_down,O89053,Q91V24,1,O89053
solubility_down,O89053,E9Q3L2,1,O89053
solubility_down,O89086,O89086,1,O89086
solubility_down,O89086,P60824,1,O89086
solubility_down,O89086,Q91V24,1,O89086
solubility_down,P00416,P00416,1,P00416
solubility_down,P00416,Q91V24,1,P00416
solubility_down,P00416,O35379,1,P00416
solubility_down,P00416,E9Q3L2,1,P00416
solubility_down,P00416,Q8K440,1,P00416
solubility_down,P00416,Q80SU7,1,P00416
solubility_down,P00416,Q5U430,1,P00416
solubility_down,P01592,P01592,1,P01592
solubility_down,P01592,Q91V24,1,P01592
solubility_down,P01592,Q5U430,1,P01592
solubility_down,P01592,Q80SU7,1,P01592
solubility_down,P01863,P01863,1,P01863
solubility_down,P01863,P01867,1,P01863
solubility_down,P01863,Q62230,1,P01863
solubility_down,P01863,Q91V24,1,P01863
solubility_down,P01867,P01867,1,P01867
solubility_down,P01867,P01863,1,P01867
solubility_down,P01867,Q62230,1,P01867
solubility_down,P01867,Q91V24,1,P01867
solubility_down,P01867,Q80SU7,1,P01867
solubility_down,P01867,Q8K440,1,P01867
solubility_down,P01901,P01901,1,P01901
solubility_down,P01901,P14427,1,P01901
solubility_down,P01901,Q91V24,1,P01901
solubility_down,P01901,E9Q3L2,1,P01901
solubility_down,P01901,Q62230,1,P01901
solubility_down,P01901,Q80SU7,1,P01901
solubility_down,P03977,P03977,1,P03977
solubility_down,P03977,A0A075B5N3,1,P03977
solubility_down,P03977,A0A075B5M7,1,P03977
solubility_down,P03977,Q62230,1,P03977
solubility_down,P03977,Q91V24,1,P03977
solubility_down,P03977,Q80SU7,1,P03977
solubility_down,P03977,Q6PDN3,1,P03977
solubility_down,P09690,P09690,1,P09690
solubility_down,P09690,Q91V24,1,P09690
solubility_down,P09690,E9Q3L2,1,P09690
solubility_down,P09690,Q8K440,1,P09690
solubility_down,P09690,Q80SU7,1,P09690
solubility_down,P09690,Q5U430,1,P09690
solubility_down,P09690,O35379,1,P09690
solubility_down,P09813,P09813,1,P09813
solubility_down,P09813,O08788,1,P09813
solubility_down,P09813,Q9JMH9,1,P09813
solubility_down,P10649,P10649,1,P10649
solubility_down,P10649,P15626,1,P10649
solubility_down,P10649,Q80W21,1,P10649
solubility_down,P10649,Q8R5I6,1,P10649
solubility_down,P10649,E9Q3L2,1,P10649
solubility_down,P10649,Q80SU7,1,P10649
solubility_down,P10649,Q5U430,1,P10649
solubility_down,P10649,Q8K440,1,P10649
solubility_down,P10649,Q91V24,1,P10649
solubility_down,P10852,P10852,1,P10852
solubility_down,P10852,Q91V24,1,P10852
solubility_down,P10852,E9Q3L2,1,P10852
solubility_down,P10852,Q80SU7,1,P10852
solubility_down,P10852,Q8K440,1,P10852
solubility_down,P10852,Q5U430,1,P10852
solubility_down,P11087,P11087,1,P11087
solubility_down,P11087,Q01149,1,P11087
solubility_down,P11087,Q61245,1,P11087
solubility_down,P11087,Q91V24,1,P11087
solubility_down,P11087,E9Q3L2,1,P11087
solubility_down,P11798,P11798,1,P11798
solubility_down,P11798,Q6PHZ2,1,P11798
solubility_down,P11798,P28652,1,P11798
solubility_down,P11798,Q923T9,1,P11798
solubility_down,P11798,Q91V24,1,P11798
solubility_down,P11798,Q80SU7,1,P11798
solubility_down,P11798,E9Q3L2,1,P11798
solubility_down,P11798,Q5U430,1,P11798
solubility_down,P12246,P12246,1,P12246
solubility_down,P12246,Q91V24,1,P12246
solubility_down,P12246,Q80SU7,1,P12246
solubility_down,P12246,E9Q3L2,1,P12246
solubility_down,P12246,Q8K440,1,P12246
solubility_down,P12246,Q5U430,1,P12246
solubility_down,P12787,P12787,1,P12787
solubility_down,P12787,E9Q3L2,1,P12787
solubility_down,P12787,Q8K440,1,P12787
solubility_down,P12787,Q91V24,1,P12787
solubility_down,P12787,Q80SU7,1,P12787
solubility_down,P12787,Q6A026,1,P12787
solubility_down,P14427,P14427,1,P14427
solubility_down,P14427,P01901,1,P14427
solubility_down,P14427,Q91V24,1,P14427
solubility_down,P14427,E9Q3L2,1,P14427
solubility_down,P14427,Q62230,1,P14427
solubility_down,P14427,Q80SU7,1,P14427
solubility_down,P14873,P14873,1,P14873
solubility_down,P14873,Q8C052,1,P14873
solubility_down,P14873,Q80SU7,1,P14873
solubility_down,P14873,Q91V24,1,P14873
solubility_down,P14873,E9Q3L2,1,P14873
solubility_down,P14873,Q5U430,1,P14873
solubility_down,P14873,Q8K440,1,P14873
solubility_down,P15626,P15626,1,P15626
solubility_down,P15626,Q8R5I6,1,P15626
solubility_down,P15626,Q80W21,1,P15626
solubility_down,P15626,P10649,1,P15626
solubility_down,P15626,E9Q3L2,1,P15626
solubility_down,P15626,Q80SU7,1,P15626
solubility_down,P15626,Q91V24,1,P15626
solubility_down,P15626,Q8K440,1,P15626
solubility_down,P15626,Q5U430,1,P15626
solubility_down,P16015,P16015,1,P16015
solubility_down,P16015,Q91V24,1,P16015
solubility_down,P16015,Q80SU7,1,P16015
solubility_down,P16015,E9Q3L2,1,P16015
solubility_down,P16015,Q5U430,1,P16015
solubility_down,P16460,P16460,1,P16460
solubility_down,P16460,Q91V24,1,P16460
solubility_down,P16460,Q80SU7,1,P16460
solubility_down,P16460,E9Q3L2,1,P16460
solubility_down,P16460,Q8K440,1,P16460
solubility_down,P16460,Q5U430,1,P16460
solubility_down,P17563,P17563,1,P17563
solubility_down,P17563,Q91V24,1,P17563
solubility_down,P17563,E9Q3L2,1,P17563
solubility_down,P17563,Q80SU7,1,P17563
solubility_down,P17563,Q5U430,1,P17563
solubility_down,P17665,P17665,1,P17665
solubility_down,P17665,O35379,1,P17665
solubility_down,P17665,E9Q3L2,1,P17665
solubility_down,P17665,Q91V24,1,P17665
solubility_down,P17665,Q3TWI9,1,P17665
solubility_down,P17665,Q3UVL4,1,P17665
solubility_down,P17665,Q8K440,1,P17665
solubility_down,P18419,P18419,1,P18419
solubility_down,P18419,Q8K440,1,P18419
solubility_down,P18419,Q80SU7,1,P18419
solubility_down,P18419,E9Q3L2,1,P18419
solubility_down,P18419,Q9JMH9,1,P18419
solubility_down,P18419,Q91V24,1,P18419
solubility_down,P18419,O35379,1,P18419
solubility_down,P18872,P18872,1,P18872
solubility_down,P18872,Q80SU7,1,P18872
solubility_down,P18872,E9Q3L2,1,P18872
solubility_down,P18872,Q91V24,1,P18872
solubility_down,P18872,Q8K440,1,P18872
solubility_down,P18872,Q5U430,1,P18872
solubility_down,P19536,P19536,1,P19536
solubility_down,P19536,Q91V24,1,P19536
solubility_down,P19536,Q5U430,1,P19536
solubility_down,P19536,E9Q3L2,1,P19536
solubility_down,P19536,Q80SU7,1,P19536
solubility_down,P19783,P19783,1,P19783
solubility_down,P19783,Q91W29,1,P19783
solubility_down,P19783,E9Q3L2,1,P19783
solubility_down,P19783,O35379,1,P19783
solubility_down,P19783,Q91V24,1,P19783
solubility_down,P19783,Q80SU7,1,P19783
solubility_down,P19783,Q8K440,1,P19783
solubility_down,P21107,P21107,1,P21107
solubility_down,P21107,P58774,1,P21107
solubility_down,P21107,Q8BMK4,1,P21107
solubility_down,P21107,P28738,1,P21107
solubility_down,P21107,O08788,1,P21107
solubility_down,P21107,Q61768,1,P21107
solubility_down,P21956,P21956,1,P21956
solubility_down,P21956,Q91V24,1,P21956
solubility_down,P21956,E9Q3L2,1,P21956
solubility_down,P21956,Q80SU7,1,P21956
solubility_down,P21956,Q8K440,1,P21956
solubility_down,P21956,Q5U430,1,P21956
solubility_down,P28652,P28652,1,P28652
solubility_down,P28652,Q923T9,1,P28652
solubility_down,P28652,Q6PHZ2,1,P28652
solubility_down,P28652,P11798,1,P28652
solubility_down,P28652,Q91V24,1,P28652
solubility_down,P28652,E9Q3L2,1,P28652
solubility_down,P28652,Q80SU7,1,P28652
solubility_down,P28652,Q5U430,1,P28652
solubility_down,P28738,P28738,1,P28738
solubility_down,P28738,Q61768,1,P28738
solubility_down,P28738,Q80SU7,1,P28738
solubility_down,P28738,E9Q3L2,1,P28738
solubility_down,P28738,Q91V24,1,P28738
solubility_down,P28738,Q5U430,1,P28738
solubility_down,P28738,Q8K440,1,P28738
solubility_down,P31750,P31750,1,P31750
solubility_down,P31750,Q60823,1,P31750
solubility_down,P31750,Q80SU7,1,P31750
solubility_down,P31750,Q91V24,1,P31750
solubility_down,P31750,E9Q3L2,1,P31750
solubility_down,P35288,P35288,1,P35288
solubility_down,P35436,P35436,1,P35436
solubility_down,P35436,Q91V24,1,P35436
solubility_down,P35436,E9Q3L2,1,P35436
solubility_down,P35436,Q80SU7,1,P35436
solubility_down,P35436,Q8K440,1,P35436
solubility_down,P35436,Q5U430,1,P35436
solubility_down,P35441,P35441,1,P35441
solubility_down,P35441,Q91V24,1,P35441
solubility_down,P35441,Q80SU7,1,P35441
solubility_down,P35441,E9Q3L2,1,P35441
solubility_down,P35441,Q5U430,1,P35441
solubility_down,P35564,P35564,1,P35564
solubility_down,P35564,E9Q3L2,1,P35564
solubility_down,P35564,Q80SU7,1,P35564
solubility_down,P35564,Q91V24,1,P35564
solubility_down,P35564,Q8K440,1,P35564
solubility_down,P35564,Q5U430,1,P35564
solubility_down,P36371,P36371,1,P36371
solubility_down,P36371,Q91V24,1,P36371
solubility_down,P36371,O35379,1,P36371
solubility_down,P36371,E9Q3L2,1,P36371
solubility_down,P36371,Q8K440,1,P36371
solubility_down,P36371,Q80SU7,1,P36371
solubility_down,P36371,Q5U430,1,P36371
solubility_down,P42225,P42225,1,P42225
solubility_down,P42225,Q80SU7,1,P42225
solubility_down,P42225,E9Q3L2,1,P42225
solubility_down,P42225,Q91V24,1,P42225
solubility_down,P42225,Q5U430,1,P42225
solubility_down,P42225,Q8K440,1,P42225
solubility_down,P46737,P46737,1,P46737
solubility_down,P46737,Q80SU7,1,P46737
solubility_down,P46737,Q91V24,1,P46737
solubility_down,P46737,E9Q3L2,1,P46737
solubility_down,P46737,Q5U430,1,P46737
solubility_down,P46737,Q8K440,1,P46737
solubility_down,P48771,P48771,1,P48771
solubility_down,P48771,E9Q3L2,1,P48771
solubility_down,P48771,Q91V24,1,P48771
solubility_down,P48771,O35379,1,P48771
solubility_down,P48771,Q9JMH9,1,P48771
solubility_down,P48771,Q80SU7,1,P48771
solubility_down,P49817,P49817,1,P49817
solubility_down,P49817,P51637,1,P49817
solubility_down,P49817,E9Q3L2,1,P49817
solubility_down,P49817,O35379,1,P49817
solubility_down,P49817,Q80SU7,1,P49817
solubility_down,P49817,Q8K440,1,P49817
solubility_down,P49817,Q91V24,1,P49817
solubility_down,P51637,P51637,1,P51637
solubility_down,P51637,P49817,1,P51637
solubility_down,P51637,E9Q3L2,1,P51637
solubility_down,P51637,O35379,1,P51637
solubility_down,P51637,Q8K440,1,P51637
solubility_down,P51637,Q80SU7,1,P51637
solubility_down,P51637,Q91V24,1,P51637
solubility_down,P54071,P54071,1,P54071
solubility_down,P54071,Q91V24,1,P54071
solubility_down,P54071,Q80SU7,1,P54071
solubility_down,P54071,E9Q3L2,1,P54071
solubility_down,P54071,Q8K440,1,P54071
solubility_down,P54071,Q5U430,1,P54071
solubility_down,P56391,P56391,1,P56391
solubility_down,P56391,E9Q3L2,1,P56391
solubility_down,P56391,Q80SU7,1,P56391
solubility_down,P56391,O35379,1,P56391
solubility_down,P56391,Q5U430,1,P56391
solubility_down,P56716,P56716,1,P56716
solubility_down,P56716,E9Q3L2,1,P56716
solubility_down,P56716,Q91V24,1,P56716
solubility_down,P56716,Q80SU7,1,P56716
solubility_down,P56716,Q5U430,1,P56716
solubility_down,P56716,Q8K440,1,P56716
solubility_down,P58774,P58774,1,P58774
solubility_down,P58774,P21107,1,P58774
solubility_down,P58774,Q8BMK4,1,P58774
solubility_down,P58774,P28738,1,P58774
solubility_down,P58774,O08788,1,P58774
solubility_down,P58774,Q61768,1,P58774
solubility_down,P60824,P60824,1,P60824
solubility_down,P60824,O89086,1,P60824
solubility_down,P60824,Q91V24,1,P60824
solubility_down,P70698,P70698,1,P70698
solubility_down,P70698,Q91V24,1,P70698
solubility_down,P70698,E9Q3L2,1,P70698
solubility_down,P70698,Q80SU7,1,P70698
solubility_down,P70698,Q8K440,1,P70698
solubility_down,P70698,Q5U430,1,P70698
solubility_down,P97314,P97314,1,P97314
solubility_down,P97314,Q5U430,1,P97314
solubility_down,P97314,Q61830,1,P97314
solubility_down,P97434,P97434,1,P97434
solubility_down,P97434,Q80SU7,1,P97434
solubility_down,P97434,Q9JMH9,1,P97434
solubility_down,P97434,E9Q3L2,1,P97434
solubility_down,P97434,Q99KW3,1,P97434
solubility_down,P97434,Q91V24,1,P97434
solubility_down,P97434,Q5U430,1,P97434
solubility_down,Q01149,Q01149,1,Q01149
solubility_down,Q01149,P11087,1,Q01149
solubility_down,Q01149,Q61245,1,Q01149
solubility_down,Q01149,Q91V24,1,Q01149
solubility_down,Q01149,E9Q3L2,1,Q01149
solubility_down,Q01149,Q5U430,1,Q01149
solubility_down,Q01853,Q01853,1,Q01853
solubility_down,Q01853,Q91V24,1,Q01853
solubility_down,Q01853,E9Q3L2,1,Q01853
solubility_down,Q01853,Q80SU7,1,Q01853
solubility_down,Q01853,Q8K440,1,Q01853
solubility_down,Q01853,Q5U430,1,Q01853
solubility_down,Q08093,Q08093,1,Q08093
solubility_down,Q08093,E9Q3L2,1,Q08093
solubility_down,Q08093,Q91V24,1,Q08093
solubility_down,Q08093,Q80SU7,1,Q08093
solubility_down,Q08093,Q8K440,1,Q08093
solubility_down,Q08093,Q5U430,1,Q08093
solubility_down,Q14B01,Q14B01,1,Q14B01
solubility_down,Q14B01,E9Q3L2,1,Q14B01
solubility_down,Q14B01,Q80SU7,1,Q14B01
solubility_down,Q14B01,Q5U430,1,Q14B01
solubility_down,Q14B01,Q91V24,1,Q14B01
solubility_down,Q3TC33,Q3TC33,1,Q3TC33
solubility_down,Q3TC33,Q80SU7,1,Q3TC33
solubility_down,Q3TC33,E9Q3L2,1,Q3TC33
solubility_down,Q3TC33,Q9JMH9,1,Q3TC33
solubility_down,Q3TC33,Q91V24,1,Q3TC33
solubility_down,Q3THG9,Q3THG9,1,Q3THG9
solubility_down,Q3THG9,Q91V24,1,Q3THG9
solubility_down,Q3THG9,E9Q3L2,1,Q3THG9
solubility_down,Q3THG9,Q80SU7,1,Q3THG9
solubility_down,Q3THG9,Q8K440,1,Q3THG9
solubility_down,Q3THG9,Q5U430,1,Q3THG9
solubility_down,Q3TWI9,Q3TWI9,1,Q3TWI9
solubility_down,Q3TWI9,Q91V24,1,Q3TWI9
solubility_down,Q3TWI9,E9Q3L2,1,Q3TWI9
solubility_down,Q3TWI9,Q80SU7,1,Q3TWI9
solubility_down,Q3TWI9,Q8K440,1,Q3TWI9
solubility_down,Q3TWI9,O35379,1,Q3TWI9
solubility_down,Q3TWI9,Q5U430,1,Q3TWI9
solubility_down,Q3U186,Q3U186,1,Q3U186
solubility_down,Q3U186,Q91V24,1,Q3U186
solubility_down,Q3U186,E9Q3L2,1,Q3U186
solubility_down,Q3U186,Q80SU7,1,Q3U186
solubility_down,Q3U186,Q5U430,1,Q3U186
solubility_down,Q3U186,Q8K440,1,Q3U186
solubility_down,Q3U186,O35379,1,Q3U186
solubility_down,Q3U5Q7,Q3U5Q7,1,Q3U5Q7
solubility_down,Q3U5Q7,Q91V24,1,Q3U5Q7
solubility_down,Q3U5Q7,E9Q3L2,1,Q3U5Q7
solubility_down,Q3U5Q7,Q5U430,1,Q3U5Q7
solubility_down,Q3U5Q7,Q80SU7,1,Q3U5Q7
solubility_down,Q3U5Q7,Q8K440,1,Q3U5Q7
solubility_down,Q3UMF0,Q3UMF0,1,Q3UMF0
solubility_down,Q3UMF0,E9Q3L2,1,Q3UMF0
solubility_down,Q3UMF0,Q91V24,1,Q3UMF0
solubility_down,Q3UMF0,Q80SU7,1,Q3UMF0
solubility_down,Q3UMF0,Q8K440,1,Q3UMF0
solubility_down,Q3UMF0,Q5U430,1,Q3UMF0
solubility_down,Q3UMR5,Q3UMR5,1,Q3UMR5
solubility_down,Q3UMR5,Q91V24,1,Q3UMR5
solubility_down,Q3UMR5,E9Q3L2,1,Q3UMR5
solubility_down,Q3UMR5,Q80SU7,1,Q3UMR5
solubility_down,Q3UMR5,Q5U430,1,Q3UMR5
solubility_down,Q3UMR5,Q8K440,1,Q3UMR5
solubility_down,Q3UMR5,Q9JMH9,1,Q3UMR5
solubility_down,Q3UMR5,O35379,1,Q3UMR5
solubility_down,Q3URD3,Q3URD3,1,Q3URD3
solubility_down,Q3URD3,Q80SU7,1,Q3URD3
solubility_down,Q3URD3,E9Q3L2,1,Q3URD3
solubility_down,Q3URD3,Q9JMH9,1,Q3URD3
solubility_down,Q3UVL4,Q3UVL4,1,Q3UVL4
solubility_down,Q3UVL4,Q91V24,1,Q3UVL4
solubility_down,Q3UVL4,E9Q3L2,1,Q3UVL4
solubility_down,Q3UVL4,Q80SU7,1,Q3UVL4
solubility_down,Q3UVL4,Q5U430,1,Q3UVL4
solubility_down,Q3UVL4,O35379,1,Q3UVL4
solubility_down,Q3UVL4,Q8K440,1,Q3UVL4
solubility_down,Q4VBD2,Q4VBD2,1,Q4VBD2
solubility_down,Q4VBD2,E9Q3L2,1,Q4VBD2
solubility_down,Q4VBD2,Q91V24,1,Q4VBD2
solubility_down,Q4VBD2,Q80SU7,1,Q4VBD2
solubility_down,Q4VBD2,Q8K440,1,Q4VBD2
solubility_down,Q4VBD2,O35379,1,Q4VBD2
solubility_down,Q4VBD2,Q5U430,1,Q4VBD2
solubility_down,Q5U430,Q5U430,1,Q5U430
solubility_down,Q5U430,Q91V24,1,Q5U430
solubility_down,Q5U430,E9Q3L2,1,Q5U430
solubility_down,Q5U430,Q80SU7,1,Q5U430
solubility_down,Q5U430,Q8K440,1,Q5U430
solubility_down,Q5U458,Q5U458,1,Q5U458
solubility_down,Q5U458,Q91V24,1,Q5U458
solubility_down,Q5U458,Q80SU7,1,Q5U458
solubility_down,Q5U458,E9Q3L2,1,Q5U458
solubility_down,Q5U458,Q8K440,1,Q5U458
solubility_down,Q60634,Q60634,1,Q60634
solubility_down,Q60634,O08917,1,Q60634
solubility_down,Q60634,Q80SU7,1,Q60634
solubility_down,Q60634,Q91V24,1,Q60634
solubility_down,Q60634,E9Q3L2,1,Q60634
solubility_down,Q60634,Q9JMH9,1,Q60634
solubility_down,Q60823,Q60823,1,Q60823
solubility_down,Q60823,P31750,1,Q60823
solubility_down,Q60823,Q91V24,1,Q60823
solubility_down,Q60823,Q80SU7,1,Q60823
solubility_down,Q60823,E9Q3L2,1,Q60823
solubility_down,Q60930,Q60930,1,Q60930
solubility_down,Q60930,Q60931,1,Q60930
solubility_down,Q60930,Q5U458,1,Q60930
solubility_down,Q60930,Q62230,1,Q60930
solubility_down,Q60930,Q61703,1,Q60930
solubility_down,Q60930,Q91V24,1,Q60930
solubility_down,Q60931,Q60931,1,Q60931
solubility_down,Q60931,Q60930,1,Q60931
solubility_down,Q60931,Q5U458,1,Q60931
solubility_down,Q60931,Q62230,1,Q60931
solubility_down,Q60931,Q61703,1,Q60931
solubility_down,Q60931,Q8K440,1,Q60931
solubility_down,Q60931,Q91V24,1,Q60931
solubility_down,Q61033,Q61033,1,Q61033
solubility_down,Q61033,Q91V24,1,Q61033
solubility_down,Q61033,E9Q3L2,1,Q61033
solubility_down,Q61033,Q80SU7,1,Q61033
solubility_down,Q61033,Q5U430,1,Q61033
solubility_down,Q61033,O35379,1,Q61033
solubility_down,Q61033,Q8K440,1,Q61033
solubility_down,Q61245,Q61245,1,Q61245
solubility_down,Q61245,Q91V24,1,Q61245
solubility_down,Q61245,E9Q3L2,1,Q61245
solubility_down,Q61245,Q80SU7,1,Q61245
solubility_down,Q61245,Q5U430,1,Q61245
solubility_down,Q61334,Q61334,1,Q61334
solubility_down,Q61334,E9Q3L2,1,Q61334
solubility_down,Q61334,Q80SU7,1,Q61334
solubility_down,Q61334,O35379,1,Q61334
solubility_down,Q61599,Q61599,1,Q61599
solubility_down,Q61599,Q80SU7,1,Q61599
solubility_down,Q61599,Q91V24,1,Q61599
solubility_down,Q61599,E9Q3L2,1,Q61599
solubility_down,Q61703,Q61703,1,Q61703
solubility_down,Q61703,Q80SU7,1,Q61703
solubility_down,Q61703,Q91V24,1,Q61703
solubility_down,Q61703,E9Q3L2,1,Q61703
solubility_down,Q61703,Q8K440,1,Q61703
solubility_down,Q61703,Q5U430,1,Q61703
solubility_down,Q61768,Q61768,1,Q61768
solubility_down,Q61768,P28738,1,Q61768
solubility_down,Q61768,Q80SU7,1,Q61768
solubility_down,Q61768,E9Q3L2,1,Q61768
solubility_down,Q61768,Q5U430,1,Q61768
solubility_down,Q61768,Q91V24,1,Q61768
solubility_down,Q61768,Q8K440,1,Q61768
solubility_down,Q61830,Q61830,1,Q61830
solubility_down,Q61830,Q80SU7,1,Q61830
solubility_down,Q61830,Q91V24,1,Q61830
solubility_down,Q61830,E9Q3L2,1,Q61830
solubility_down,Q61830,Q5U430,1,Q61830
solubility_down,Q61830,Q8K440,1,Q61830
solubility_down,Q62172,Q62172,1,Q62172
solubility_down,Q62172,Q80SU7,1,Q62172
solubility_down,Q62172,E9Q3L2,1,Q62172
solubility_down,Q62172,Q91V24,1,Q62172
solubility_down,Q62172,Q5U430,1,Q62172
solubility_down,Q62172,Q8K440,1,Q62172
solubility_down,Q62172,Q9JMH9,1,Q62172
solubility_down,Q62230,Q62230,1,Q62230
solubility_down,Q62230,Q91V24,1,Q62230
solubility_down,Q62230,E9Q3L2,1,Q62230
solubility_down,Q62230,Q5U430,1,Q62230
solubility_down,Q62230,Q8K440,1,Q62230
solubility_down,Q62293,Q62293,1,Q62293
solubility_down,Q62293,Q80SU7,1,Q62293
solubility_down,Q62293,E9Q3L2,1,Q62293
solubility_down,Q62293,Q8K440,1,Q62293
solubility_down,Q62293,Q91V24,1,Q62293
solubility_down,Q62293,Q5U430,1,Q62293
solubility_down,Q62293,O35379,1,Q62293
solubility_down,Q640L3,Q640L3,1,Q640L3
solubility_down,Q640L3,Q80SU7,1,Q640L3
solubility_down,Q640L3,E9Q3L2,1,Q640L3
solubility_down,Q640L3,Q9JMH9,1,Q640L3
solubility_down,Q640L3,Q91V24,1,Q640L3
solubility_down,Q640L3,Q5U430,1,Q640L3
solubility_down,Q64356,Q64356,1,Q64356
solubility_down,Q64356,Q9JMH9,1,Q64356
solubility_down,Q64356,Q80SU7,1,Q64356
solubility_down,Q64356,Q8K440,1,Q64356
solubility_down,Q64356,E9Q3L2,1,Q64356
solubility_down,Q64356,O35379,1,Q64356
solubility_down,Q64669,Q64669,1,Q64669
solubility_down,Q64669,Q91V24,1,Q64669
solubility_down,Q64669,Q80SU7,1,Q64669
solubility_down,Q64669,E9Q3L2,1,Q64669
solubility_down,Q64669,Q8K440,1,Q64669
solubility_down,Q64669,Q5U430,1,Q64669
solubility_down,Q69ZS7,Q69ZS7,1,Q69ZS7
solubility_down,Q69ZS7,Q91V24,1,Q69ZS7
solubility_down,Q69ZS7,E9Q3L2,1,Q69ZS7
solubility_down,Q69ZS7,Q80SU7,1,Q69ZS7
solubility_down,Q69ZS7,Q8K440,1,Q69ZS7
solubility_down,Q69ZS7,Q5U430,1,Q69ZS7
solubility_down,Q6A026,Q6A026,1,Q6A026
solubility_down,Q6A026,E9Q3L2,1,Q6A026
solubility_down,Q6A026,Q80SU7,1,Q6A026
solubility_down,Q6A026,Q91V24,1,Q6A026
solubility_down,Q6A026,Q5U430,1,Q6A026
solubility_down,Q6A026,Q8K440,1,Q6A026
solubility_down,Q6A065,Q6A065,1,Q6A065
solubility_down,Q6A065,Q80SU7,1,Q6A065
solubility_down,Q6A065,Q91V24,1,Q6A065
solubility_down,Q6A065,E9Q3L2,1,Q6A065
solubility_down,Q6A065,Q5U430,1,Q6A065
solubility_down,Q6A065,Q8K440,1,Q6A065
solubility_down,Q6A065,Q9JMH9,1,Q6A065
solubility_down,Q6IRU5,Q6IRU5,1,Q6IRU5
solubility_down,Q6IRU5,E9Q3L2,1,Q6IRU5
solubility_down,Q6IRU5,Q9JMH9,1,Q6IRU5
solubility_down,Q6IRU5,O08788,1,Q6IRU5
solubility_down,Q6P1B1,Q6P1B1,1,Q6P1B1
solubility_down,Q6P1B1,Q91V24,1,Q6P1B1
solubility_down,Q6P1B1,E9Q3L2,1,Q6P1B1
solubility_down,Q6P1B1,Q80SU7,1,Q6P1B1
solubility_down,Q6P1B1,Q5U430,1,Q6P1B1
solubility_down,Q6P1B1,Q8K440,1,Q6P1B1
solubility_down,Q6PD31,Q6PD31,1,Q6PD31
solubility_down,Q6PD31,Q9JMH9,1,Q6PD31
solubility_down,Q6PD31,Q80SU7,1,Q6PD31
solubility_down,Q6PD31,E9Q3L2,1,Q6PD31
solubility_down,Q6PD31,Q91V24,1,Q6PD31
solubility_down,Q6PDN3,Q6PDN3,1,Q6PDN3
solubility_down,Q6PDN3,Q91V24,1,Q6PDN3
solubility_down,Q6PDN3,Q80SU7,1,Q6PDN3
solubility_down,Q6PDN3,Q62230,1,Q6PDN3
solubility_down,Q6PDN3,E9Q3L2,1,Q6PDN3
solubility_down,Q6PDN3,Q5U430,1,Q6PDN3
solubility_down,Q6PGC9,Q6PGC9,1,Q6PGC9
solubility_down,Q6PGC9,Q80SU7,1,Q6PGC9
solubility_down,Q6PGC9,E9Q3L2,1,Q6PGC9
solubility_down,Q6PGC9,Q5U430,1,Q6PGC9
solubility_down,Q6PGC9,Q91V24,1,Q6PGC9
solubility_down,Q6PHZ2,Q6PHZ2,1,Q6PHZ2
solubility_down,Q6PHZ2,P11798,1,Q6PHZ2
solubility_down,Q6PHZ2,Q923T9,1,Q6PHZ2
solubility_down,Q6PHZ2,P28652,1,Q6PHZ2
solubility_down,Q6PHZ2,Q80SU7,1,Q6PHZ2
solubility_down,Q6PHZ2,Q91V24,1,Q6PHZ2
solubility_down,Q6PHZ2,E9Q3L2,1,Q6PHZ2
solubility_down,Q6PHZ2,Q5U430,1,Q6PHZ2
solubility_down,Q6Y7W8,Q6Y7W8,1,Q6Y7W8
solubility_down,Q6Y7W8,Q80SU7,1,Q6Y7W8
solubility_down,Q6Y7W8,Q9JMH9,1,Q6Y7W8
solubility_down,Q6Y7W8,Q91V24,1,Q6Y7W8
solubility_down,Q6Y7W8,E9Q3L2,1,Q6Y7W8
solubility_down,Q6Y7W8,Q5U430,1,Q6Y7W8
solubility_down,Q6ZPY2,Q6ZPY2,1,Q6ZPY2
solubility_down,Q6ZPY2,E9Q3L2,1,Q6ZPY2
solubility_down,Q6ZPY2,Q91V24,1,Q6ZPY2
solubility_down,Q6ZPY2,Q80SU7,1,Q6ZPY2
solubility_down,Q6ZPY2,Q5U430,1,Q6ZPY2
solubility_down,Q6ZPY2,Q8K440,1,Q6ZPY2
solubility_down,Q6ZPY2,O35379,1,Q6ZPY2
solubility_down,Q78PY7,Q78PY7,1,Q78PY7
solubility_down,Q78PY7,Q91V24,1,Q78PY7
solubility_down,Q78PY7,E9Q3L2,1,Q78PY7
solubility_down,Q78PY7,Q80SU7,1,Q78PY7
solubility_down,Q78PY7,Q5U430,1,Q78PY7
solubility_down,Q78PY7,Q8K440,1,Q78PY7
solubility_down,Q791T5,Q791T5,1,Q791T5
solubility_down,Q791T5,Q91V24,1,Q791T5
solubility_down,Q791T5,E9Q3L2,1,Q791T5
solubility_down,Q791T5,Q5U430,1,Q791T5
solubility_down,Q791T5,Q8K440,1,Q791T5
solubility_down,Q791T5,O35379,1,Q791T5
solubility_down,Q791T5,Q80SU7,1,Q791T5
solubility_down,Q7TPW1,Q7TPW1,1,Q7TPW1
solubility_down,Q7TPW1,Q80SU7,1,Q7TPW1
solubility_down,Q7TPW1,Q6PDN3,1,Q7TPW1
solubility_down,Q7TPW1,Q9JMH9,1,Q7TPW1
solubility_down,Q7TPW1,E9Q3L2,1,Q7TPW1
solubility_down,Q7TT37,Q7TT37,1,Q7TT37
solubility_down,Q7TT37,Q91V24,1,Q7TT37
solubility_down,Q7TT37,Q80SU7,1,Q7TT37
solubility_down,Q7TT37,E9Q3L2,1,Q7TT37
solubility_down,Q7TT37,Q5U430,1,Q7TT37
solubility_down,Q7TT37,Q8K440,1,Q7TT37
solubility_down,Q80SU7,Q80SU7,1,Q80SU7
solubility_down,Q80SU7,E9Q3L2,1,Q80SU7
solubility_down,Q80SU7,Q91V24,1,Q80SU7
solubility_down,Q80SU7,Q5U430,1,Q80SU7
solubility_down,Q80SU7,Q8K440,1,Q80SU7
solubility_down,Q80W21,Q80W21,1,Q80W21
solubility_down,Q80W21,P15626,1,Q80W21
solubility_down,Q80W21,Q8R5I6,1,Q80W21
solubility_down,Q80W21,P10649,1,Q80W21
solubility_down,Q80W21,E9Q3L2,1,Q80W21
solubility_down,Q80W21,Q91V24,1,Q80W21
solubility_down,Q80W21,Q80SU7,1,Q80W21
solubility_down,Q80W21,Q5U430,1,Q80W21
solubility_down,Q80W21,Q8K440,1,Q80W21
solubility_down,Q8BFZ9,Q8BFZ9,1,Q8BFZ9
solubility_down,Q8BFZ9,Q91X78,1,Q8BFZ9
solubility_down,Q8BFZ9,Q80SU7,1,Q8BFZ9
solubility_down,Q8BFZ9,E9Q3L2,1,Q8BFZ9
solubility_down,Q8BFZ9,Q8K440,1,Q8BFZ9
solubility_down,Q8BFZ9,Q91V24,1,Q8BFZ9
solubility_down,Q8BFZ9,Q5U430,1,Q8BFZ9
solubility_down,Q8BH04,Q8BH04,1,Q8BH04
solubility_down,Q8BH04,Q91V24,1,Q8BH04
solubility_down,Q8BH04,E9Q3L2,1,Q8BH04
solubility_down,Q8BH04,Q8K440,1,Q8BH04
solubility_down,Q8BH04,Q5U430,1,Q8BH04
solubility_down,Q8BH04,Q80SU7,1,Q8BH04
solubility_down,Q8BMK4,Q8BMK4,1,Q8BMK4
solubility_down,Q8BMK4,Q9JMH9,1,Q8BMK4
solubility_down,Q8BMK4,O08788,1,Q8BMK4
solubility_down,Q8BMS1,Q8BMS1,1,Q8BMS1
solubility_down,Q8BMS1,Q91V24,1,Q8BMS1
solubility_down,Q8BMS1,E9Q3L2,1,Q8BMS1
solubility_down,Q8BMS1,Q80SU7,1,Q8BMS1
solubility_down,Q8BMS1,Q8K440,1,Q8BMS1
solubility_down,Q8BMS1,Q5U430,1,Q8BMS1
solubility_down,Q8BTI9,Q8BTI9,1,Q8BTI9
solubility_down,Q8BTI9,E9Q3L2,1,Q8BTI9
solubility_down,Q8BTI9,Q91V24,1,Q8BTI9
solubility_down,Q8BTI9,Q80SU7,1,Q8BTI9
solubility_down,Q8BTI9,Q5U430,1,Q8BTI9
solubility_down,Q8BTI9,Q8K440,1,Q8BTI9
solubility_down,Q8BTS4,Q8BTS4,1,Q8BTS4
solubility_down,Q8BTS4,Q80SU7,1,Q8BTS4
solubility_down,Q8BTS4,E9Q3L2,1,Q8BTS4
solubility_down,Q8BTS4,Q91V24,1,Q8BTS4
solubility_down,Q8BTS4,Q5U430,1,Q8BTS4
solubility_down,Q8BTS4,Q8K440,1,Q8BTS4
solubility_down,Q8BTS4,O35379,1,Q8BTS4
solubility_down,Q8BYJ6,Q8BYJ6,1,Q8BYJ6
solubility_down,Q8BYJ6,Q91V24,1,Q8BYJ6
solubility_down,Q8BYJ6,Q80SU7,1,Q8BYJ6
solubility_down,Q8BYJ6,E9Q3L2,1,Q8BYJ6
solubility_down,Q8BYJ6,Q5U430,1,Q8BYJ6
solubility_down,Q8BYJ6,Q8K440,1,Q8BYJ6
solubility_down,Q8BZ71,Q8BZ71,1,Q8BZ71
solubility_down,Q8BZ71,Q80SU7,1,Q8BZ71
solubility_down,Q8BZ71,Q91V24,1,Q8BZ71
solubility_down,Q8BZ71,E9Q3L2,1,Q8BZ71
solubility_down,Q8BZ71,Q5U430,1,Q8BZ71
solubility_down,Q8C052,Q8C052,1,Q8C052
solubility_down,Q8C052,Q91V24,1,Q8C052
solubility_down,Q8C052,P14873,1,Q8C052
solubility_down,Q8C052,E9Q3L2,1,Q8C052
solubility_down,Q8C052,Q5U430,1,Q8C052
solubility_down,Q8C052,Q8K440,1,Q8C052
solubility_down,Q8C2L6,Q8C2L6,1,Q8C2L6
solubility_down,Q8C2L6,Q91V24,1,Q8C2L6
solubility_down,Q8C2L6,E9Q3L2,1,Q8C2L6
solubility_down,Q8C2L6,Q8K440,1,Q8C2L6
solubility_down,Q8C2L6,Q80SU7,1,Q8C2L6
solubility_down,Q8C2L6,O35379,1,Q8C2L6
solubility_down,Q8C2L6,Q5U430,1,Q8C2L6
solubility_down,Q8C3X2,Q8C3X2,1,Q8C3X2
solubility_down,Q8C3X2,Q9CXD6,1,Q8C3X2
solubility_down,Q8C3X2,Q8BMK4,1,Q8C3X2
solubility_down,Q8C3X2,Q80SU7,1,Q8C3X2
solubility_down,Q8C3X2,Q61768,1,Q8C3X2
solubility_down,Q8C3X2,P28738,1,Q8C3X2
solubility_down,Q8C522,Q8C522,1,Q8C522
solubility_down,Q8C522,Q91V24,1,Q8C522
solubility_down,Q8C522,E9Q3L2,1,Q8C522
solubility_down,Q8C522,Q80SU7,1,Q8C522
solubility_down,Q8C522,Q8K440,1,Q8C522
solubility_down,Q8C522,Q5U430,1,Q8C522
solubility_down,Q8C522,O35379,1,Q8C522
solubility_down,Q8C5R8,Q8C5R8,1,Q8C5R8
solubility_down,Q8C5R8,G3UXL2,1,Q8C5R8
solubility_down,Q8C5R8,Q9CS42,1,Q8C5R8
solubility_down,Q8C5R8,Q8R574,1,Q8C5R8
solubility_down,Q8C5R8,Q9D0M1,1,Q8C5R8
solubility_down,Q8C5R8,Q80SU7,1,Q8C5R8
solubility_down,Q8C5R8,E9Q3L2,1,Q8C5R8
solubility_down,Q8C5R8,Q8K440,1,Q8C5R8
solubility_down,Q8C5R8,Q91V24,1,Q8C5R8
solubility_down,Q8C5R8,Q5U430,1,Q8C5R8
solubility_down,Q8C7X2,Q8C7X2,1,Q8C7X2
solubility_down,Q8C7X2,Q91V24,1,Q8C7X2
solubility_down,Q8C7X2,Q80SU7,1,Q8C7X2
solubility_down,Q8C7X2,E9Q3L2,1,Q8C7X2
solubility_down,Q8C7X2,Q8K440,1,Q8C7X2
solubility_down,Q8C7X2,Q5U430,1,Q8C7X2
solubility_down,Q8CAQ8,Q8CAQ8,1,Q8CAQ8
solubility_down,Q8CAQ8,E9Q3L2,1,Q8CAQ8
solubility_down,Q8CAQ8,Q80SU7,1,Q8CAQ8
solubility_down,Q8CAQ8,Q91V24,1,Q8CAQ8
solubility_down,Q8CAQ8,Q9JMH9,1,Q8CAQ8
solubility_down,Q8CAQ8,O35379,1,Q8CAQ8
solubility_down,Q8CAQ8,Q5U430,1,Q8CAQ8
solubility_down,Q8CCT4,Q8CCT4,1,Q8CCT4
solubility_down,Q8CCT4,Q9JMH9,1,Q8CCT4
solubility_down,Q8CCT4,Q80SU7,1,Q8CCT4
solubility_down,Q8CHK3,Q8CHK3,1,Q8CHK3
solubility_down,Q8CHK3,Q91V24,1,Q8CHK3
solubility_down,Q8CHK3,E9Q3L2,1,Q8CHK3
solubility_down,Q8CHK3,Q8K440,1,Q8CHK3
solubility_down,Q8CHK3,Q5U430,1,Q8CHK3
solubility_down,Q8CHK3,O35379,1,Q8CHK3
solubility_down,Q8CHK3,Q80SU7,1,Q8CHK3
solubility_down,Q8JZN5,Q8JZN5,1,Q8JZN5
solubility_down,Q8JZN5,Q91V24,1,Q8JZN5
solubility_down,Q8JZN5,E9Q3L2,1,Q8JZN5
solubility_down,Q8JZN5,Q9JHI5,1,Q8JZN5
solubility_down,Q8JZN5,Q80SU7,1,Q8JZN5
solubility_down,Q8JZN5,Q8K440,1,Q8JZN5
solubility_down,Q8JZN5,Q5U430,1,Q8JZN5
solubility_down,Q8JZN5,O35379,1,Q8JZN5
solubility_down,Q8K009,Q8K009,1,Q8K009
solubility_down,Q8K009,Q91V24,1,Q8K009
solubility_down,Q8K009,E9Q3L2,1,Q8K009
solubility_down,Q8K009,Q80SU7,1,Q8K009
solubility_down,Q8K009,Q8K440,1,Q8K009
solubility_down,Q8K009,Q5U430,1,Q8K009
solubility_down,Q8K0V4,Q8K0V4,1,Q8K0V4
solubility_down,Q8K0V4,Q80SU7,1,Q8K0V4
solubility_down,Q8K0V4,E9Q3L2,1,Q8K0V4
solubility_down,Q8K0V4,Q91V24,1,Q8K0V4
solubility_down,Q8K0V4,Q5U430,1,Q8K0V4
solubility_down,Q8K2I3,Q8K2I3,1,Q8K2I3
solubility_down,Q8K2I3,Q91V24,1,Q8K2I3
solubility_down,Q8K2I3,E9Q3L2,1,Q8K2I3
solubility_down,Q8K2I3,Q5U430,1,Q8K2I3
solubility_down,Q8K2I3,Q80SU7,1,Q8K2I3
solubility_down,Q8K2I3,Q8K440,1,Q8K2I3
solubility_down,Q8K2T1,Q8K2T1,1,Q8K2T1
solubility_down,Q8K2T1,Q91V24,1,Q8K2T1
solubility_down,Q8K2T1,E9Q3L2,1,Q8K2T1
solubility_down,Q8K2T1,Q80SU7,1,Q8K2T1
solubility_down,Q8K2T1,Q8K440,1,Q8K2T1
solubility_down,Q8K2T1,Q5U430,1,Q8K2T1
solubility_down,Q8K440,Q8K440,1,Q8K440
solubility_down,Q8K440,Q91V24,1,Q8K440
solubility_down,Q8K440,E9Q3L2,1,Q8K440
solubility_down,Q8K440,Q80SU7,1,Q8K440
solubility_down,Q8K440,Q5U430,1,Q8K440
solubility_down,Q8K440,O35379,1,Q8K440
solubility_down,Q8R079,Q8R079,1,Q8R079
solubility_down,Q8R079,Q91V24,1,Q8R079
solubility_down,Q8R079,E9Q3L2,1,Q8R079
solubility_down,Q8R079,Q80SU7,1,Q8R079
solubility_down,Q8R079,Q5U430,1,Q8R079
solubility_down,Q8R079,Q8K440,1,Q8R079
solubility_down,Q8R079,O35379,1,Q8R079
solubility_down,Q8R4R6,Q8R4R6,1,Q8R4R6
solubility_down,Q8R4R6,Q91V24,1,Q8R4R6
solubility_down,Q8R4R6,E9Q3L2,1,Q8R4R6
solubility_down,Q8R4R6,Q80SU7,1,Q8R4R6
solubility_down,Q8R4R6,Q5U430,1,Q8R4R6
solubility_down,Q8R4U6,Q8R4U6,1,Q8R4U6
solubility_down,Q8R4U6,Q80SU7,1,Q8R4U6
solubility_down,Q8R4U6,Q91V24,1,Q8R4U6
solubility_down,Q8R4U6,E9Q3L2,1,Q8R4U6
solubility_down,Q8R4U6,Q5U430,1,Q8R4U6
solubility_down,Q8R4U6,Q8K440,1,Q8R4U6
solubility_down,Q8R574,Q8R574,1,Q8R574
solubility_down,Q8R574,Q9D0M1,1,Q8R574
solubility_down,Q8R574,Q9CS42,1,Q8R574
solubility_down,Q8R574,G3UXL2,1,Q8R574
solubility_down,Q8R574,Q8C5R8,1,Q8R574
solubility_down,Q8R574,E9Q3L2,1,Q8R574
solubility_down,Q8R574,Q80SU7,1,Q8R574
solubility_down,Q8R574,Q91V24,1,Q8R574
solubility_down,Q8R574,Q8K440,1,Q8R574
solubility_down,Q8R5I6,Q8R5I6,1,Q8R5I6
solubility_down,Q8R5I6,P15626,1,Q8R5I6
solubility_down,Q8R5I6,Q80W21,1,Q8R5I6
solubility_down,Q8R5I6,P10649,1,Q8R5I6
solubility_down,Q8R5I6,E9Q3L2,1,Q8R5I6
solubility_down,Q8R5I6,Q80SU7,1,Q8R5I6
solubility_down,Q8R5I6,Q91V24,1,Q8R5I6
solubility_down,Q8R5I6,Q8K440,1,Q8R5I6
solubility_down,Q8R5I6,Q5U430,1,Q8R5I6
solubility_down,Q8VCW8,Q8VCW8,1,Q8VCW8
solubility_down,Q8VCW8,Q91V24,1,Q8VCW8
solubility_down,Q8VCW8,E9Q3L2,1,Q8VCW8
solubility_down,Q8VCW8,Q80SU7,1,Q8VCW8
solubility_down,Q8VCW8,Q5U430,1,Q8VCW8
solubility_down,Q8VCW8,Q8K440,1,Q8VCW8
solubility_down,Q8VD26,Q8VD26,1,Q8VD26
solubility_down,Q8VD26,Q91V24,1,Q8VD26
solubility_down,Q8VD26,E9Q3L2,1,Q8VD26
solubility_down,Q8VD26,Q80SU7,1,Q8VD26
solubility_down,Q8VD26,Q5U430,1,Q8VD26
solubility_down,Q8VD26,Q8K440,1,Q8VD26
solubility_down,Q91V24,Q91V24,1,Q91V24
solubility_down,Q91V24,Q8K440,1,Q91V24
solubility_down,Q91V24,E9Q3L2,1,Q91V24
solubility_down,Q91V24,Q5U430,1,Q91V24
solubility_down,Q91V24,Q80SU7,1,Q91V24
solubility_down,Q91VC9,Q91VC9,1,Q91VC9
solubility_down,Q91VC9,Q91V24,1,Q91VC9
solubility_down,Q91VC9,E9Q3L2,1,Q91VC9
solubility_down,Q91VC9,O35379,1,Q91VC9
solubility_down,Q91VC9,Q8K440,1,Q91VC9
solubility_down,Q91VN4,Q91VN4,1,Q91VN4
solubility_down,Q91VN4,Q9JMH9,1,Q91VN4
solubility_down,Q91VN4,E9Q3L2,1,Q91VN4
solubility_down,Q91VN4,Q80SU7,1,Q91VN4
solubility_down,Q91W29,Q91W29,1,Q91W29
solubility_down,Q91W29,P19783,1,Q91W29
solubility_down,Q91W29,Q80SU7,1,Q91W29
solubility_down,Q91W29,E9Q3L2,1,Q91W29
solubility_down,Q91W29,Q91V24,1,Q91W29
solubility_down,Q91W29,Q5U430,1,Q91W29
solubility_down,Q91WC3,Q91WC3,1,Q91WC3
solubility_down,Q91WC3,Q91V24,1,Q91WC3
solubility_down,Q91WC3,E9Q3L2,1,Q91WC3
solubility_down,Q91WC3,Q80SU7,1,Q91WC3
solubility_down,Q91WC3,Q5U430,1,Q91WC3
solubility_down,Q91WC3,Q8K440,1,Q91WC3
solubility_down,Q91X72,Q91X72,1,Q91X72
solubility_down,Q91X72,Q91V24,1,Q91X72
solubility_down,Q91X72,E9Q3L2,1,Q91X72
solubility_down,Q91X72,Q5U430,1,Q91X72
solubility_down,Q91X72,Q80SU7,1,Q91X72
solubility_down,Q91X78,Q91X78,1,Q91X78
solubility_down,Q91X78,Q8BFZ9,1,Q91X78
solubility_down,Q91X78,Q80SU7,1,Q91X78
solubility_down,Q91X78,E9Q3L2,1,Q91X78
solubility_down,Q91X78,Q91V24,1,Q91X78
solubility_down,Q91X78,Q5U430,1,Q91X78
solubility_down,Q91YI0,Q91YI0,1,Q91YI0
solubility_down,Q91YI0,Q91V24,1,Q91YI0
solubility_down,Q91YI0,E9Q3L2,1,Q91YI0
solubility_down,Q91YI0,Q80SU7,1,Q91YI0
solubility_down,Q91YI0,Q5U430,1,Q91YI0
solubility_down,Q91YI0,Q8K440,1,Q91YI0
solubility_down,Q91YI0,O35379,1,Q91YI0
solubility_down,Q91Z40,Q91Z40,1,Q91Z40
solubility_down,Q91Z40,Q80SU7,1,Q91Z40
solubility_down,Q91Z40,E9Q3L2,1,Q91Z40
solubility_down,Q91Z40,Q91V24,1,Q91Z40
solubility_down,Q91Z40,Q5U430,1,Q91Z40
solubility_down,Q91Z40,Q8K440,1,Q91Z40
solubility_down,Q923T9,Q923T9,1,Q923T9
solubility_down,Q923T9,Q6PHZ2,1,Q923T9
solubility_down,Q923T9,P28652,1,Q923T9
solubility_down,Q923T9,P11798,1,Q923T9
solubility_down,Q923T9,Q91V24,1,Q923T9
solubility_down,Q923T9,Q80SU7,1,Q923T9
solubility_down,Q923T9,E9Q3L2,1,Q923T9
solubility_down,Q923T9,Q5U430,1,Q923T9
solubility_down,Q99JH8,Q99JH8,1,Q99JH8
solubility_down,Q99JH8,E9Q3L2,1,Q99JH8
solubility_down,Q99JH8,Q91V24,1,Q99JH8
solubility_down,Q99JH8,Q8K440,1,Q99JH8
solubility_down,Q99JH8,O35379,1,Q99JH8
solubility_down,Q99JH8,Q80SU7,1,Q99JH8
solubility_down,Q99JH8,Q5U430,1,Q99JH8
solubility_down,Q99JY0,Q99JY0,1,Q99JY0
solubility_down,Q99JY0,Q91V24,1,Q99JY0
solubility_down,Q99JY0,E9Q3L2,1,Q99JY0
solubility_down,Q99JY0,Q8K440,1,Q99JY0
solubility_down,Q99JY0,Q80SU7,1,Q99JY0
solubility_down,Q99JY0,Q5U430,1,Q99JY0
solubility_down,Q99KJ8,Q99KJ8,1,Q99KJ8
solubility_down,Q99KJ8,Q80SU7,1,Q99KJ8
solubility_down,Q99KJ8,Q9JMH9,1,Q99KJ8
solubility_down,Q99KJ8,E9Q3L2,1,Q99KJ8
solubility_down,Q99KW3,Q99KW3,1,Q99KW3
solubility_down,Q99KW3,P97434,1,Q99KW3
solubility_down,Q99KW3,Q91V24,1,Q99KW3
solubility_down,Q99KW3,Q80SU7,1,Q99KW3
solubility_down,Q99KW3,E9Q3L2,1,Q99KW3
solubility_down,Q99KW3,Q9JMH9,1,Q99KW3
solubility_down,Q99KW3,Q5U430,1,Q99KW3
solubility_down,Q99L43,Q99L43,1,Q99L43
solubility_down,Q99L43,E9Q3L2,1,Q99L43
solubility_down,Q99L43,Q91V24,1,Q99L43
solubility_down,Q99L43,Q8K440,1,Q99L43
solubility_down,Q99L43,O35379,1,Q99L43
solubility_down,Q99L43,Q80SU7,1,Q99L43
solubility_down,Q99L43,Q5U430,1,Q99L43
solubility_down,Q99NB1,Q99NB1,1,Q99NB1
solubility_down,Q99NB1,Q91V24,1,Q99NB1
solubility_down,Q99NB1,E9Q3L2,1,Q99NB1
solubility_down,Q99NB1,Q8K440,1,Q99NB1
solubility_down,Q99NB1,Q80SU7,1,Q99NB1
solubility_down,Q99NB1,Q5U430,1,Q99NB1
solubility_down,Q99PL6,Q99PL6,1,Q99PL6
solubility_down,Q99PL6,Q91V24,1,Q99PL6
solubility_down,Q99PL6,Q80SU7,1,Q99PL6
solubility_down,Q99PL6,E9Q3L2,1,Q99PL6
solubility_down,Q99PL6,Q5U430,1,Q99PL6
solubility_down,Q99PL6,Q8K440,1,Q99PL6
solubility_down,Q9CPQ1,Q9CPQ1,1,Q9CPQ1
solubility_down,Q9CPQ1,Q91V24,1,Q9CPQ1
solubility_down,Q9CPQ1,E9Q3L2,1,Q9CPQ1
solubility_down,Q9CPQ1,O35379,1,Q9CPQ1
solubility_down,Q9CPQ1,Q3UVL4,1,Q9CPQ1
solubility_down,Q9CQ22,Q9CQ22,1,Q9CQ22
solubility_down,Q9CQ22,E9Q3L2,1,Q9CQ22
solubility_down,Q9CQ22,Q80SU7,1,Q9CQ22
solubility_down,Q9CQ22,Q9JMH9,1,Q9CQ22
solubility_down,Q9CQ22,Q91V24,1,Q9CQ22
solubility_down,Q9CQ22,Q5U430,1,Q9CQ22
solubility_down,Q9CQB5,Q9CQB5,1,Q9CQB5
solubility_down,Q9CQB5,Q91V24,1,Q9CQB5
solubility_down,Q9CQB5,E9Q3L2,1,Q9CQB5
solubility_down,Q9CQB5,Q5U430,1,Q9CQB5
solubility_down,Q9CQB5,Q8K440,1,Q9CQB5
solubility_down,Q9CQB5,Q80SU7,1,Q9CQB5
solubility_down,Q9CQB5,O35379,1,Q9CQB5
solubility_down,Q9CQX2,Q9CQX2,1,Q9CQX2
solubility_down,Q9CQX2,Q91V24,1,Q9CQX2
solubility_down,Q9CQX2,E9Q3L2,1,Q9CQX2
solubility_down,Q9CQX2,Q5U430,1,Q9CQX2
solubility_down,Q9CQX2,Q80SU7,1,Q9CQX2
solubility_down,Q9CQX2,O35379,1,Q9CQX2
solubility_down,Q9CQX2,Q8K440,1,Q9CQX2
solubility_down,Q9CS42,Q9CS42,1,Q9CS42
solubility_down,Q9CS42,G3UXL2,1,Q9CS42
solubility_down,Q9CS42,Q8C5R8,1,Q9CS42
solubility_down,Q9CS42,Q8R574,1,Q9CS42
solubility_down,Q9CS42,Q9D0M1,1,Q9CS42
solubility_down,Q9CS42,Q80SU7,1,Q9CS42
solubility_down,Q9CS42,E9Q3L2,1,Q9CS42
solubility_down,Q9CS42,Q91V24,1,Q9CS42
solubility_down,Q9CS42,Q8K440,1,Q9CS42
solubility_down,Q9CS42,Q5U430,1,Q9CS42
solubility_down,Q9CXD6,Q9CXD6,1,Q9CXD6
solubility_down,Q9CXD6,Q8C3X2,1,Q9CXD6
solubility_down,Q9CXD6,Q80SU7,1,Q9CXD6
solubility_down,Q9CXD6,O08788,1,Q9CXD6
solubility_down,Q9CXD6,Q9JMH9,1,Q9CXD6
solubility_down,Q9CXD6,E9Q3L2,1,Q9CXD6
solubility_down,Q9CY50,Q9CY50,1,Q9CY50
solubility_down,Q9CY50,Q91V24,1,Q9CY50
solubility_down,Q9CY50,E9Q3L2,1,Q9CY50
solubility_down,Q9CY50,Q80SU7,1,Q9CY50
solubility_down,Q9CY50,Q5U430,1,Q9CY50
solubility_down,Q9CY50,Q8K440,1,Q9CY50
solubility_down,Q9D0L8,Q9D0L8,1,Q9D0L8
solubility_down,Q9D0L8,Q80SU7,1,Q9D0L8
solubility_down,Q9D0L8,E9Q3L2,1,Q9D0L8
solubility_down,Q9D0L8,Q91V24,1,Q9D0L8
solubility_down,Q9D0L8,Q5U430,1,Q9D0L8
solubility_down,Q9D0L8,Q8K440,1,Q9D0L8
solubility_down,Q9D0L8,O35379,1,Q9D0L8
solubility_down,Q9D0M1,Q9D0M1,1,Q9D0M1
solubility_down,Q9D0M1,Q8R574,1,Q9D0M1
solubility_down,Q9D0M1,Q9CS42,1,Q9D0M1
solubility_down,Q9D0M1,Q8C5R8,1,Q9D0M1
solubility_down,Q9D0M1,G3UXL2,1,Q9D0M1
solubility_down,Q9D0M1,Q91V24,1,Q9D0M1
solubility_down,Q9D0M1,E9Q3L2,1,Q9D0M1
solubility_down,Q9D0M1,Q80SU7,1,Q9D0M1
solubility_down,Q9D0M1,Q8K440,1,Q9D0M1
solubility_down,Q9D379,Q9D379,1,Q9D379
solubility_down,Q9D379,Q80SU7,1,Q9D379
solubility_down,Q9D379,E9Q3L2,1,Q9D379
solubility_down,Q9D379,Q91V24,1,Q9D379
solubility_down,Q9D379,Q8K440,1,Q9D379
solubility_down,Q9D379,Q5U430,1,Q9D379
solubility_down,Q9D3P8,Q9D3P8,1,Q9D3P8
solubility_down,Q9D3P8,E9Q3L2,1,Q9D3P8
solubility_down,Q9D3P8,Q80SU7,1,Q9D3P8
solubility_down,Q9D3P8,O35379,1,Q9D3P8
solubility_down,Q9D3P8,Q9JMH9,1,Q9D3P8
solubility_down,Q9D6U8,Q9D6U8,1,Q9D6U8
solubility_down,Q9D6U8,E9Q3L2,1,Q9D6U8
solubility_down,Q9D6U8,Q9JMH9,1,Q9D6U8
solubility_down,Q9D6U8,Q80SU7,1,Q9D6U8
solubility_down,Q9D6U8,Q91V24,1,Q9D6U8
solubility_down,Q9D6U8,O35379,1,Q9D6U8
solubility_down,Q9D710,Q9D710,1,Q9D710
solubility_down,Q9D710,E9Q3L2,1,Q9D710
solubility_down,Q9D710,Q91V24,1,Q9D710
solubility_down,Q9D710,Q80SU7,1,Q9D710
solubility_down,Q9D710,O35379,1,Q9D710
solubility_down,Q9D710,Q8K440,1,Q9D710
solubility_down,Q9D710,Q5U430,1,Q9D710
solubility_down,Q9DBR7,Q9DBR7,1,Q9DBR7
solubility_down,Q9DBR7,E9Q3L2,1,Q9DBR7
solubility_down,Q9DBR7,Q80SU7,1,Q9DBR7
solubility_down,Q9DBR7,Q91V24,1,Q9DBR7
solubility_down,Q9DBR7,Q9JMH9,1,Q9DBR7
solubility_down,Q9DC63,Q9DC63,1,Q9DC63
solubility_down,Q9DC63,Q91V24,1,Q9DC63
solubility_down,Q9DC63,Q80SU7,1,Q9DC63
solubility_down,Q9DC63,E9Q3L2,1,Q9DC63
solubility_down,Q9DC63,Q8K440,1,Q9DC63
solubility_down,Q9DC63,Q5U430,1,Q9DC63
solubility_down,Q9EP89,Q9EP89,1,Q9EP89
solubility_down,Q9EP89,Q91V24,1,Q9EP89
solubility_down,Q9EP89,E9Q3L2,1,Q9EP89
solubility_down,Q9EP89,Q80SU7,1,Q9EP89
solubility_down,Q9EP89,Q8K440,1,Q9EP89
solubility_down,Q9EP89,Q5U430,1,Q9EP89
solubility_down,Q9JHI5,Q9JHI5,1,Q9JHI5
solubility_down,Q9JHI5,Q8JZN5,1,Q9JHI5
solubility_down,Q9JHI5,Q91V24,1,Q9JHI5
solubility_down,Q9JHI5,E9Q3L2,1,Q9JHI5
solubility_down,Q9JHI5,Q8K440,1,Q9JHI5
solubility_down,Q9JHI5,Q80SU7,1,Q9JHI5
solubility_down,Q9JHI5,Q5U430,1,Q9JHI5
solubility_down,Q9JHI5,O35379,1,Q9JHI5
solubility_down,Q9JLQ0,Q9JLQ0,1,Q9JLQ0
solubility_down,Q9JLQ0,Q80SU7,1,Q9JLQ0
solubility_down,Q9JLQ0,E9Q3L2,1,Q9JLQ0
solubility_down,Q9JLQ0,Q5U430,1,Q9JLQ0
solubility_down,Q9JLQ0,Q91V24,1,Q9JLQ0
solubility_down,Q9JLQ0,Q9JMH9,1,Q9JLQ0
solubility_down,Q9JMH9,Q9JMH9,1,Q9JMH9
solubility_down,Q9JMH9,Q91V24,1,Q9JMH9
solubility_down,Q9JMH9,Q80SU7,1,Q9JMH9
solubility_down,Q9JMH9,E9Q3L2,1,Q9JMH9
solubility_down,Q9JMH9,Q5U430,1,Q9JMH9
solubility_down,Q9JMH9,Q8K440,1,Q9JMH9
solubility_down,Q9QXC1,Q9QXC1,1,Q9QXC1
solubility_down,Q9QXC1,Q91V24,1,Q9QXC1
solubility_down,Q9QXC1,E9Q3L2,1,Q9QXC1
solubility_down,Q9QXC1,Q5U430,1,Q9QXC1
solubility_down,Q9QXC1,Q80SU7,1,Q9QXC1
solubility_down,Q9WTR5,Q9WTR5,1,Q9WTR5
solubility_down,Q9WTR5,Q91V24,1,Q9WTR5
solubility_down,Q9WTR5,Q80SU7,1,Q9WTR5
solubility_down,Q9WTR5,E9Q3L2,1,Q9WTR5
solubility_down,Q9Z0J4,Q9Z0J4,1,Q9Z0J4
solubility_down,Q9Z0J4,Q91V24,1,Q9Z0J4
solubility_down,Q9Z0J4,E9Q3L2,1,Q9Z0J4
solubility_down,Q9Z0J4,Q80SU7,1,Q9Z0J4
solubility_down,Q9Z0J4,Q5U430,1,Q9Z0J4
solubility_down,Q9Z0J4,Q8K440,1,Q9Z0J4
solubility_down,Q9Z2L6,Q9Z2L6,1,Q9Z2L6
solubility_down,Q9Z2L6,Q91V24,1,Q9Z2L6
solubility_down,Q9Z2L6,E9Q3L2,1,Q9Z2L6
solubility_down,Q9Z2L6,Q80SU7,1,Q9Z2L6
solubility_down,Q9Z2L6,Q5U430,1,Q9Z2L6
solubility_down,Q9Z2L6,Q8K440,1,Q9Z2L6
solubility_up,A2BIN1,A2BIN1,1,A2BIN1
solubility_up,A2BIN1,P11588,1,A2BIN1
solubility_up,A2BIN1,E9QA79,1,A2BIN1
solubility_up,A2BIN1,Q69ZN7,1,A2BIN1
solubility_up,A2BIN1,P28665,1,A2BIN1
solubility_up,A2BIN1,F8VPN4,1,A2BIN1
solubility_up,B2RVY9,B2RVY9,1,B2RVY9
solubility_up,B2RVY9,P70170,1,B2RVY9
solubility_up,B2RVY9,F8VPK0,1,B2RVY9
solubility_up,B2RVY9,F8VPN4,1,B2RVY9
solubility_up,D3Z4S3,D3Z4S3,1,D3Z4S3
solubility_up,D3Z689,D3Z689,1,D3Z689
solubility_up,D3Z689,F8VPN4,1,D3Z689
solubility_up,D3Z689,Q571I9,1,D3Z689
solubility_up,D3Z6H8,D3Z6H8,1,D3Z6H8
solubility_up,D3Z6H8,P28665,1,D3Z6H8
solubility_up,D3Z6H8,Q69ZN7,1,D3Z6H8
solubility_up,D3Z6H8,F8VPN4,1,D3Z6H8
solubility_up,E9Q777,E9Q777,1,E9Q777
solubility_up,E9Q777,P70170,1,E9Q777
solubility_up,E9Q784,E9Q784,1,E9Q784
solubility_up,E9QA79,E9QA79,1,E9QA79
solubility_up,E9QA79,P11588,1,E9QA79
solubility_up,E9QA79,A2BIN1,1,E9QA79
solubility_up,E9QA79,Q69ZN7,1,E9QA79
solubility_up,F8VPK0,F8VPK0,1,F8VPK0
solubility_up,F8VPK0,P70170,1,F8VPK0
solubility_up,F8VPK0,Q64727,1,F8VPK0
solubility_up,F8VPK0,Q8CGY6,1,F8VPK0
solubility_up,F8VPN4,F8VPN4,1,F8VPN4
solubility_up,G3X8U3,G3X8U3,1,G3X8U3
solubility_up,G3X8U3,F8VPN4,1,G3X8U3
solubility_up,G3X8U3,P70170,1,G3X8U3
solubility_up,O08547,O08547,1,O08547
solubility_up,O08547,P70170,1,O08547
solubility_up,O08917,O08917,1,O08917
solubility_up,O08917,Q64727,1,O08917
solubility_up,O08992,O08992,1,O08992
solubility_up,O08992,Q69ZN7,1,O08992
solubility_up,O08992,F8VPN4,1,O08992
solubility_up,O09110,O09110,1,O09110
solubility_up,O09110,P70236,1,O09110
solubility_up,O09110,F8VPN4,1,O09110
solubility_up,O09110,P70170,1,O09110
solubility_up,O35206,O35206,1,O35206
solubility_up,O35206,Q69ZN7,1,O35206
solubility_up,O35206,F8VPN4,1,O35206
solubility_up,O35344,O35344,1,O35344
solubility_up,O35344,Q8CGY6,1,O35344
solubility_up,O35459,O35459,1,O35459
solubility_up,O35459,P70170,1,O35459
solubility_up,O35857,O35857,1,O35857
solubility_up,O35857,P70170,1,O35857
solubility_up,O54734,O54734,1,O54734
solubility_up,O54734,F8VPN4,1,O54734
solubility_up,O54734,Q69ZN7,1,O54734
solubility_up,O70475,O70475,1,O70475
solubility_up,O70475,F8VPN4,1,O70475
solubility_up,O70475,P70170,1,O70475
solubility_up,P03930,P03930,1,P03930
solubility_up,P03930,P70170,1,P03930
solubility_up,P06151,P06151,1,P06151
solubility_up,P06151,P70170,1,P06151
solubility_up,P06151,F8VPN4,1,P06151
solubility_up,P07309,P07309,1,P07309
solubility_up,P07309,P28665,1,P07309
solubility_up,P07309,Q69ZN7,1,P07309
solubility_up,P07309,F8VPN4,1,P07309
solubility_up,P07356,P07356,1,P07356
solubility_up,P07356,F8VPN4,1,P07356
solubility_up,P07356,P70170,1,P07356
solubility_up,P07758,P07758,1,P07758
solubility_up,P07758,Q00896,1,P07758
solubility_up,P07758,Q00898,1,P07758
solubility_up,P07758,P22599,1,P07758
solubility_up,P07758,Q00897,1,P07758
solubility_up,P07758,P61939,1,P07758
solubility_up,P07758,P07759,1,P07758
solubility_up,P07759,P07759,1,P07759
solubility_up,P07759,P61939,1,P07759
solubility_up,P07759,Q00898,1,P07759
solubility_up,P07759,Q00896,1,P07759
solubility_up,P07759,P07758,1,P07759
solubility_up,P07759,Q00897,1,P07759
solubility_up,P07759,P22599,1,P07759
solubility_up,P07901,P07901,1,P07901
solubility_up,P07901,P11499,1,P07901
solubility_up,P07901,Q69ZN7,1,P07901
solubility_up,P08074,P08074,1,P08074
solubility_up,P08074,Q9EQ06,1,P08074
solubility_up,P09470,P09470,1,P09470
solubility_up,P09470,F8VPN4,1,P09470
solubility_up,P09470,P70170,1,P09470
solubility_up,P09813,P09813,1,P09813
solubility_up,P09813,Q9DBZ1,1,P09813
solubility_up,P09813,Q9R269,1,P09813
solubility_up,P11499,P11499,1,P11499
solubility_up,P11499,P07901,1,P11499
solubility_up,P11499,F8VPN4,1,P11499
solubility_up,P11499,Q69ZN7,1,P11499
solubility_up,P11588,P11588,1,P11588
solubility_up,P11588,A2BIN1,1,P11588
solubility_up,P11588,E9QA79,1,P11588
solubility_up,P11588,Q69ZN7,1,P11588
solubility_up,P11588,P28665,1,P11588
solubility_up,P11588,F8VPN4,1,P11588
solubility_up,P12382,P12382,1,P12382
solubility_up,P12382,Q9WUA3,1,P12382
solubility_up,P12382,F8VPN4,1,P12382
solubility_up,P12382,P70170,1,P12382
solubility_up,P14069,P14069,1,P14069
solubility_up,P14069,P50543,1,P14069
solubility_up,P14069,P97352,1,P14069
solubility_up,P14069,P70170,1,P14069
solubility_up,P14427,P14427,1,P14427
solubility_up,P14427,Q64726,1,P14427
solubility_up,P14427,F8VPN4,1,P14427
solubility_up,P14427,Q69ZN7,1,P14427
solubility_up,P16045,P16045,1,P16045
solubility_up,P16045,Q69ZN7,1,P16045
solubility_up,P16045,P28665,1,P16045
solubility_up,P16045,F8VPN4,1,P16045
solubility_up,P18572,P18572,1,P18572
solubility_up,P18572,Q69ZN7,1,P18572
solubility_up,P18572,P28665,1,P18572
solubility_up,P22599,P22599,1,P22599
solubility_up,P22599,Q00897,1,P22599
solubility_up,P22599,P07758,1,P22599
solubility_up,P22599,Q00896,1,P22599
solubility_up,P22599,Q00898,1,P22599
solubility_up,P22599,P07759,1,P22599
solubility_up,P22599,P61939,1,P22599
solubility_up,P22892,P22892,1,P22892
solubility_up,P22892,P70170,1,P22892
solubility_up,P28665,P28665,1,P28665
solubility_up,P28665,Q69ZN7,1,P28665
solubility_up,P28665,F8VPN4,1,P28665
solubility_up,P28738,P28738,1,P28738
solubility_up,P29391,P29391,1,P29391
solubility_up,P29391,F8VPK0,1,P29391
solubility_up,P29391,Q64727,1,P29391
solubility_up,P29391,Q9R269,1,P29391
solubility_up,P29391,P70170,1,P29391
solubility_up,P29391,F8VPN4,1,P29391
solubility_up,P30416,P30416,1,P30416
solubility_up,P30416,F8VPK0,1,P30416
solubility_up,P30416,F8VPN4,1,P30416
solubility_up,P30416,Q8CGY6,1,P30416
solubility_up,P30677,P30677,1,P30677
solubility_up,P32848,P32848,1,P32848
solubility_up,P32848,Q61233,1,P32848
solubility_up,P32848,F8VPN4,1,P32848
solubility_up,P35700,P35700,1,P35700
solubility_up,P35700,Q69ZN7,1,P35700
solubility_up,P38060,P38060,1,P38060
solubility_up,P38060,Q571I9,1,P38060
solubility_up,P38060,F8VPN4,1,P38060
solubility_up,P39053,P39053,1,P39053
solubility_up,P39053,P70170,1,P39053
solubility_up,P39053,F8VPN4,1,P39053
solubility_up,P42225,P42225,1,P42225
solubility_up,P42225,P70170,1,P42225
solubility_up,P42225,F8VPN4,1,P42225
solubility_up,P46414,P46414,1,P46414
solubility_up,P49138,P49138,1,P49138
solubility_up,P49138,Q3UMW7,1,P49138
solubility_up,P49138,Q6PHZ2,1,P49138
solubility_up,P49817,P49817,1,P49817
solubility_up,P49817,P70170,1,P49817
solubility_up,P50462,P50462,1,P50462
solubility_up,P50462,F8VPN4,1,P50462
solubility_up,P50518,P50518,1,P50518
solubility_up,P50518,Q64727,1,P50518
solubility_up,P50518,Q9R269,1,P50518
solubility_up,P50518,P70170,1,P50518
solubility_up,P50543,P50543,1,P50543
solubility_up,P50543,P14069,1,P50543
solubility_up,P50543,P97352,1,P50543
solubility_up,P50543,P70170,1,P50543
solubility_up,P54728,P54728,1,P54728
solubility_up,P54728,F8VPN4,1,P54728
solubility_up,P54823,P54823,1,P54823
solubility_up,P55772,P55772,1,P55772
solubility_up,P55772,P70170,1,P55772
solubility_up,P55772,F8VPN4,1,P55772
solubility_up,P56376,P56376,1,P56376
solubility_up,P56376,Q69ZN7,1,P56376
solubility_up,P56376,F8VPN4,1,P56376
solubility_up,P56812,P56812,1,P56812
solubility_up,P56812,Q9R269,1,P56812
solubility_up,P56812,Q64727,1,P56812
solubility_up,P57759,P57759,1,P57759
solubility_up,P57759,P70170,1,P57759
solubility_up,P61087,P61087,1,P61087
solubility_up,P61087,P62838,1,P61087
solubility_up,P61087,F8VPN4,1,P61087
solubility_up,P61087,P70170,1,P61087
solubility_up,P61939,P61939,1,P61939
solubility_up,P61939,P07759,1,P61939
solubility_up,P61939,Q00896,1,P61939
solubility_up,P61939,P07758,1,P61939
solubility_up,P61939,Q00898,1,P61939
solubility_up,P61939,P22599,1,P61939
solubility_up,P61939,Q00897,1,P61939
solubility_up,P62838,P62838,1,P62838
solubility_up,P62838,P61087,1,P62838
solubility_up,P62838,P68037,1,P62838
solubility_up,P62838,F8VPN4,1,P62838
solubility_up,P62962,P62962,1,P62962
solubility_up,P62962,F8VPN4,1,P62962
solubility_up,P63038,P63038,1,P63038
solubility_up,P63038,P70170,1,P63038
solubility_up,P63038,Q64727,1,P63038
solubility_up,P63038,F8VPN4,1,P63038
solubility_up,P63073,P63073,1,P63073
solubility_up,P63073,Q69ZN7,1,P63073
solubility_up,P63073,P70170,1,P63073
solubility_up,P68037,P68037,1,P68037
solubility_up,P68037,P62838,1,P68037
solubility_up,P68037,P61087,1,P68037
solubility_up,P68037,Q69ZN7,1,P68037
solubility_up,P68037,F8VPN4,1,P68037
solubility_up,P68040,P68040,1,P68040
solubility_up,P70170,P70170,1,P70170
solubility_up,P70236,P70236,1,P70236
solubility_up,P70236,O09110,1,P70236
solubility_up,P70236,F8VPN4,1,P70236
solubility_up,P70452,P70452,1,P70452
solubility_up,P70452,Q64727,1,P70452
solubility_up,P70452,Q9R269,1,P70452
solubility_up,P70452,P70170,1,P70452
solubility_up,P83093,P83093,1,P83093
solubility_up,P97352,P97352,1,P97352
solubility_up,P97352,P14069,1,P97352
solubility_up,P97352,P50543,1,P97352
solubility_up,P97352,P70170,1,P97352
solubility_up,P97471,P97471,1,P97471
solubility_up,P97471,F8VPN4,1,P97471
solubility_up,P97471,Q69ZN7,1,P97471
solubility_up,P97823,P97823,1,P97823
solubility_up,P97823,P70170,1,P97823
solubility_up,P97823,F8VPN4,1,P97823
solubility_up,P99029,P99029,1,P99029
solubility_up,P99029,Q571I9,1,P99029
solubility_up,P99029,F8VPN4,1,P99029
solubility_up,Q00896,Q00896,1,Q00896
solubility_up,Q00896,P07758,1,Q00896
solubility_up,Q00896,Q00898,1,Q00896
solubility_up,Q00896,Q00897,1,Q00896
solubility_up,Q00896,P22599,1,Q00896
solubility_up,Q00896,P61939,1,Q00896
solubility_up,Q00896,P07759,1,Q00896
solubility_up,Q00897,Q00897,1,Q00897
solubility_up,Q00897,P22599,1,Q00897
solubility_up,Q00897,Q00896,1,Q00897
solubility_up,Q00897,Q00898,1,Q00897
solubility_up,Q00897,P07758,1,Q00897
solubility_up,Q00897,P07759,1,Q00897
solubility_up,Q00897,P61939,1,Q00897
solubility_up,Q00898,Q00898,1,Q00898
solubility_up,Q00898,Q00896,1,Q00898
solubility_up,Q00898,P07758,1,Q00898
solubility_up,Q00898,Q00897,1,Q00898
solubility_up,Q00898,P22599,1,Q00898
solubility_up,Q00898,P07759,1,Q00898
solubility_up,Q00898,P61939,1,Q00898
solubility_up,Q03265,Q03265,1,Q03265
solubility_up,Q03265,F8VPN4,1,Q03265
solubility_up,Q03265,P70170,1,Q03265
solubility_up,Q06138,Q06138,1,Q06138
solubility_up,Q08093,Q08093,1,Q08093
solubility_up,Q08093,F8VPN4,1,Q08093
solubility_up,Q08093,P70170,1,Q08093
solubility_up,Q11136,Q11136,1,Q11136
solubility_up,Q11136,F8VPN4,1,Q11136
solubility_up,Q3THS6,Q3THS6,1,Q3THS6
solubility_up,Q3THS6,F8VPN4,1,Q3THS6
solubility_up,Q3U2P1,Q3U2P1,1,Q3U2P1
solubility_up,Q3U2P1,F8VPN4,1,Q3U2P1
solubility_up,Q3U3R4,Q3U3R4,1,Q3U3R4
solubility_up,Q3U3R4,P70170,1,Q3U3R4
solubility_up,Q3U3R4,F8VPN4,1,Q3U3R4
solubility_up,Q3UMW7,Q3UMW7,1,Q3UMW7
solubility_up,Q3UMW7,P49138,1,Q3UMW7
solubility_up,Q3UMW7,Q6PHZ2,1,Q3UMW7
solubility_up,Q3UPL0,Q3UPL0,1,Q3UPL0
solubility_up,Q3UPL0,P70170,1,Q3UPL0
solubility_up,Q3UPL0,F8VPN4,1,Q3UPL0
solubility_up,Q3URD3,Q3URD3,1,Q3URD3
solubility_up,Q3URD3,Q9R269,1,Q3URD3
solubility_up,Q3URD3,P70170,1,Q3URD3
solubility_up,Q3URD3,Q64727,1,Q3URD3
solubility_up,Q4VBD2,Q4VBD2,1,Q4VBD2
solubility_up,Q4VBD2,P70170,1,Q4VBD2
solubility_up,Q4ZJN1,Q4ZJN1,1,Q4ZJN1
solubility_up,Q4ZJN1,Q69ZN7,1,Q4ZJN1
solubility_up,Q4ZJN1,P28665,1,Q4ZJN1
solubility_up,Q571I9,Q571I9,1,Q571I9
solubility_up,Q571I9,F8VPN4,1,Q571I9
solubility_up,Q5BKP2,Q5BKP2,1,Q5BKP2
solubility_up,Q5BKP2,F8VPN4,1,Q5BKP2
solubility_up,Q5BKP2,Q69ZN7,1,Q5BKP2
solubility_up,Q5SRX1,Q5SRX1,1,Q5SRX1
solubility_up,Q5SRX1,P70170,1,Q5SRX1
solubility_up,Q5SUV5,Q5SUV5,1,Q5SUV5
solubility_up,Q5SUV5,Q6PHZ2,1,Q5SUV5
solubility_up,Q5SUV5,F8VPN4,1,Q5SUV5
solubility_up,Q60715,Q60715,1,Q60715
solubility_up,Q60715,Q60716,1,Q60715
solubility_up,Q60715,F8VPK0,1,Q60715
solubility_up,Q60715,P70170,1,Q60715
solubility_up,Q60716,Q60716,1,Q60716
solubility_up,Q60716,Q60715,1,Q60716
solubility_up,Q60716,F8VPN4,1,Q60716
solubility_up,Q61166,Q61166,1,Q61166
solubility_up,Q61233,Q61233,1,Q61233
solubility_up,Q61233,P70170,1,Q61233
solubility_up,Q61233,F8VPN4,1,Q61233
solubility_up,Q61548,Q61548,1,Q61548
solubility_up,Q61548,P70170,1,Q61548
solubility_up,Q61584,Q61584,1,Q61584
solubility_up,Q61584,F8VPN4,1,Q61584
solubility_up,Q61584,Q69ZN7,1,Q61584
solubility_up,Q61599,Q61599,1,Q61599
solubility_up,Q61599,Q69ZN7,1,Q61599
solubility_up,Q61599,P28665,1,Q61599
solubility_up,Q61699,Q61699,1,Q61699
solubility_up,Q61699,F8VPN4,1,Q61699
solubility_up,Q61830,Q61830,1,Q61830
solubility_up,Q61830,F8VPN4,1,Q61830
solubility_up,Q61830,Q69ZN7,1,Q61830
solubility_up,Q62188,Q62188,1,Q62188
solubility_up,Q62188,F8VPN4,1,Q62188
solubility_up,Q64105,Q64105,1,Q64105
solubility_up,Q64105,Q571I9,1,Q64105
solubility_up,Q64105,P70170,1,Q64105
solubility_up,Q64314,Q64314,1,Q64314
solubility_up,Q64314,P70170,1,Q64314
solubility_up,Q64726,Q64726,1,Q64726
solubility_up,Q64726,P14427,1,Q64726
solubility_up,Q64726,F8VPN4,1,Q64726
solubility_up,Q64726,P28665,1,Q64726
solubility_up,Q64726,Q69ZN7,1,Q64726
solubility_up,Q64727,Q64727,1,Q64727
solubility_up,Q64727,F8VPK0,1,Q64727
solubility_up,Q64727,P70170,1,Q64727
solubility_up,Q69ZN7,Q69ZN7,1,Q69ZN7
solubility_up,Q69ZN7,F8VPN4,1,Q69ZN7
solubility_up,Q6IRU5,Q6IRU5,1,Q6IRU5
solubility_up,Q6IRU5,Q9R269,1,Q6IRU5
solubility_up,Q6IRU5,Q64727,1,Q6IRU5
solubility_up,Q6NSR8,Q6NSR8,1,Q6NSR8
solubility_up,Q6NSR8,Q571I9,1,Q6NSR8
solubility_up,Q6NSR8,F8VPN4,1,Q6NSR8
solubility_up,Q6NSR8,P70170,1,Q6NSR8
solubility_up,Q6NVE9,Q6NVE9,1,Q6NVE9
solubility_up,Q6NVE9,F8VPN4,1,Q6NVE9
solubility_up,Q6NVE9,Q69ZN7,1,Q6NVE9
solubility_up,Q6NZJ6,Q6NZJ6,1,Q6NZJ6
solubility_up,Q6NZJ6,F8VPN4,1,Q6NZJ6
solubility_up,Q6P069,Q6P069,1,Q6P069
solubility_up,Q6P069,F8VPN4,1,Q6P069
solubility_up,Q6PCP5,Q6PCP5,1,Q6PCP5
solubility_up,Q6PCP5,P70170,1,Q6PCP5
solubility_up,Q6PCP5,Q9R269,1,Q6PCP5
solubility_up,Q6PCP5,Q64727,1,Q6PCP5
solubility_up,Q6PFD9,Q6PFD9,1,Q6PFD9
solubility_up,Q6PFD9,F8VPN4,1,Q6PFD9
solubility_up,Q6PHN1,Q6PHN1,1,Q6PHN1
solubility_up,Q6PHN1,Q9R269,1,Q6PHN1
solubility_up,Q6PHN9,Q6PHN9,1,Q6PHN9
solubility_up,Q6PHN9,Q9JIW9,1,Q6PHN9
solubility_up,Q6PHZ2,Q6PHZ2,1,Q6PHZ2
solubility_up,Q6PHZ2,P49138,1,Q6PHZ2
solubility_up,Q78JE5,Q78JE5,1,Q78JE5
solubility_up,Q78JE5,F8VPN4,1,Q78JE5
solubility_up,Q7M729,Q7M729,1,Q7M729
solubility_up,Q7M729,Q69ZN7,1,Q7M729
solubility_up,Q7M729,P70170,1,Q7M729
solubility_up,Q7M729,P28665,1,Q7M729
solubility_up,Q7M729,F8VPN4,1,Q7M729
solubility_up,Q80SY6,Q80SY6,1,Q80SY6
solubility_up,Q80SY6,F8VPN4,1,Q80SY6
solubility_up,Q80SY6,P70170,1,Q80SY6
solubility_up,Q80U93,Q80U93,1,Q80U93
solubility_up,Q80U93,F8VPN4,1,Q80U93
solubility_up,Q80UM7,Q80UM7,1,Q80UM7
solubility_up,Q80UM7,F8VPN4,1,Q80UM7
solubility_up,Q80UM7,Q571I9,1,Q80UM7
solubility_up,Q80UY1,Q80UY1,1,Q80UY1
solubility_up,Q80UY1,F8VPN4,1,Q80UY1
solubility_up,Q80UY1,Q69ZN7,1,Q80UY1
solubility_up,Q80UY1,P70170,1,Q80UY1
solubility_up,Q80VJ2,Q80VJ2,1,Q80VJ2
solubility_up,Q80VJ2,Q64727,1,Q80VJ2
solubility_up,Q80W37,Q80W37,1,Q80W37
solubility_up,Q80W37,F8VPN4,1,Q80W37
solubility_up,Q80W37,Q69ZN7,1,Q80W37
solubility_up,Q80X95,Q80X95,1,Q80X95
solubility_up,Q80X95,P70170,1,Q80X95
solubility_up,Q80Y14,Q80Y14,1,Q80Y14
solubility_up,Q80Y14,F8VPN4,1,Q80Y14
solubility_up,Q80ZJ6,Q80ZJ6,1,Q80ZJ6
solubility_up,Q80ZJ6,P70170,1,Q80ZJ6
solubility_up,Q8BFP9,Q8BFP9,1,Q8BFP9
solubility_up,Q8BFP9,Q9JK42,1,Q8BFP9
solubility_up,Q8BFP9,P70170,1,Q8BFP9
solubility_up,Q8BFP9,F8VPN4,1,Q8BFP9
solubility_up,Q8BFZ9,Q8BFZ9,1,Q8BFZ9
solubility_up,Q8BFZ9,Q91X78,1,Q8BFZ9
solubility_up,Q8BGS2,Q8BGS2,1,Q8BGS2
solubility_up,Q8BGS2,Q9D8S9,1,Q8BGS2
solubility_up,Q8BHE8,Q8BHE8,1,Q8BHE8
solubility_up,Q8BHE8,P28665,1,Q8BHE8
solubility_up,Q8BHG2,Q8BHG2,1,Q8BHG2
solubility_up,Q8BHG2,Q69ZN7,1,Q8BHG2
solubility_up,Q8BHG2,P28665,1,Q8BHG2
solubility_up,Q8BHG2,F8VPN4,1,Q8BHG2
solubility_up,Q8BIP0,Q8BIP0,1,Q8BIP0
solubility_up,Q8BIP0,F8VPN4,1,Q8BIP0
solubility_up,Q8BJ03,Q8BJ03,1,Q8BJ03
solubility_up,Q8BJ03,P70170,1,Q8BJ03
solubility_up,Q8BJ03,F8VPK0,1,Q8BJ03
solubility_up,Q8BJ03,F8VPN4,1,Q8BJ03
solubility_up,Q8BJF9,Q8BJF9,1,Q8BJF9
solubility_up,Q8BJF9,Q64727,1,Q8BJF9
solubility_up,Q8BJF9,Q9R269,1,Q8BJF9
solubility_up,Q8BK84,Q8BK84,1,Q8BK84
solubility_up,Q8BK84,F8VPN4,1,Q8BK84
solubility_up,Q8BMK4,Q8BMK4,1,Q8BMK4
solubility_up,Q8BMK4,Q9R269,1,Q8BMK4
solubility_up,Q8BT60,Q8BT60,1,Q8BT60
solubility_up,Q8BT60,Q69ZN7,1,Q8BT60
solubility_up,Q8BT60,F8VPN4,1,Q8BT60
solubility_up,Q8BTS4,Q8BTS4,1,Q8BTS4
solubility_up,Q8BTS4,P70170,1,Q8BTS4
solubility_up,Q8BTZ7,Q8BTZ7,1,Q8BTZ7
solubility_up,Q8BTZ7,F8VPN4,1,Q8BTZ7
solubility_up,Q8BVI4,Q8BVI4,1,Q8BVI4
solubility_up,Q8BVI4,Q571I9,1,Q8BVI4
solubility_up,Q8BVI4,P70170,1,Q8BVI4
solubility_up,Q8BVI4,F8VPN4,1,Q8BVI4
solubility_up,Q8BX80,Q8BX80,1,Q8BX80
solubility_up,Q8BX80,F8VPN4,1,Q8BX80
solubility_up,Q8BYM8,Q8BYM8,1,Q8BYM8
solubility_up,Q8BYM8,F8VPN4,1,Q8BYM8
solubility_up,Q8BYM8,P70170,1,Q8BYM8
solubility_up,Q8BZJ7,Q8BZJ7,1,Q8BZJ7
solubility_up,Q8BZJ7,Q9QZ73,1,Q8BZJ7
solubility_up,Q8BZJ7,P70170,1,Q8BZJ7
solubility_up,Q8BZZ3,Q8BZZ3,1,Q8BZZ3
solubility_up,Q8BZZ3,Q69ZN7,1,Q8BZZ3
solubility_up,Q8BZZ3,F8VPN4,1,Q8BZZ3
solubility_up,Q8C006,Q8C006,1,Q8C006
solubility_up,Q8C006,F8VPN4,1,Q8C006
solubility_up,Q8C0L9,Q8C0L9,1,Q8C0L9
solubility_up,Q8C0L9,Q69ZN7,1,Q8C0L9
solubility_up,Q8C0L9,F8VPN4,1,Q8C0L9
solubility_up,Q8C0M9,Q8C0M9,1,Q8C0M9
solubility_up,Q8C0M9,Q571I9,1,Q8C0M9
solubility_up,Q8C0M9,P12382,1,Q8C0M9
solubility_up,Q8C0M9,F8VPN4,1,Q8C0M9
solubility_up,Q8C3X2,Q8C3X2,1,Q8C3X2
solubility_up,Q8C3X2,Q9DBZ1,1,Q8C3X2
solubility_up,Q8C3X2,Q9R269,1,Q8C3X2
solubility_up,Q8C3X2,Q64727,1,Q8C3X2
solubility_up,Q8C3X2,Q8BMK4,1,Q8C3X2
solubility_up,Q8C3X2,P28738,1,Q8C3X2
solubility_up,Q8C5Z9,Q8C5Z9,1,Q8C5Z9
solubility_up,Q8C5Z9,Q69ZN7,1,Q8C5Z9
solubility_up,Q8C5Z9,P28665,1,Q8C5Z9
solubility_up,Q8CGY6,Q8CGY6,1,Q8CGY6
solubility_up,Q8CGY6,F8VPK0,1,Q8CGY6
solubility_up,Q8CGY6,P70170,1,Q8CGY6
solubility_up,Q8CI12,Q8CI12,1,Q8CI12
solubility_up,Q8CI32,Q8CI32,1,Q8CI32
solubility_up,Q8CI32,Q64727,1,Q8CI32
solubility_up,Q8CI32,P70170,1,Q8CI32
solubility_up,Q8CI32,F8VPK0,1,Q8CI32
solubility_up,Q8CI70,Q8CI70,1,Q8CI70
solubility_up,Q8CIN4,Q8CIN4,1,Q8CIN4
solubility_up,Q8JZL3,Q8JZL3,1,Q8JZL3
solubility_up,Q8JZL3,F8VPN4,1,Q8JZL3
solubility_up,Q8K182,Q8K182,1,Q8K182
solubility_up,Q8K182,F8VPN4,1,Q8K182
solubility_up,Q8K182,Q69ZN7,1,Q8K182
solubility_up,Q8K1E6,Q8K1E6,1,Q8K1E6
solubility_up,Q8K1E6,Q69ZN7,1,Q8K1E6
solubility_up,Q8K1E6,F8VPN4,1,Q8K1E6
solubility_up,Q8QZR5,Q8QZR5,1,Q8QZR5
solubility_up,Q8QZR5,F8VPN4,1,Q8QZR5
solubility_up,Q8R0N6,Q8R0N6,1,Q8R0N6
solubility_up,Q8R0N6,F8VPN4,1,Q8R0N6
solubility_up,Q8R0N6,P70170,1,Q8R0N6
solubility_up,Q8R0P4,Q8R0P4,1,Q8R0P4
solubility_up,Q8R0P4,Q571I9,1,Q8R0P4
solubility_up,Q8R0P4,F8VPN4,1,Q8R0P4
solubility_up,Q8R0P4,Q69ZN7,1,Q8R0P4
solubility_up,Q8R146,Q8R146,1,Q8R146
solubility_up,Q8R146,F8VPN4,1,Q8R146
solubility_up,Q8VCT3,Q8VCT3,1,Q8VCT3
solubility_up,Q8VCT3,F8VPN4,1,Q8VCT3
solubility_up,Q8VHD8,Q8VHD8,1,Q8VHD8
solubility_up,Q8VHD8,F8VPN4,1,Q8VHD8
solubility_up,Q91V79,Q91V79,1,Q91V79
solubility_up,Q91V79,P70170,1,Q91V79
solubility_up,Q91V79,Q571I9,1,Q91V79
solubility_up,Q91VH6,Q91VH6,1,Q91VH6
solubility_up,Q91VH6,F8VPN4,1,Q91VH6
solubility_up,Q91VW3,Q91VW3,1,Q91VW3
solubility_up,Q91VW3,F8VPN4,1,Q91VW3
solubility_up,Q91VW3,Q69ZN7,1,Q91VW3
solubility_up,Q91W29,Q91W29,1,Q91W29
solubility_up,Q91X78,Q91X78,1,Q91X78
solubility_up,Q91X78,Q8BFZ9,1,Q91X78
solubility_up,Q91X78,P70170,1,Q91X78
solubility_up,Q91XD6,Q91XD6,1,Q91XD6
solubility_up,Q91XD6,F8VPN4,1,Q91XD6
solubility_up,Q91XD7,Q91XD7,1,Q91XD7
solubility_up,Q91XD7,F8VPN4,1,Q91XD7
solubility_up,Q91YN5,Q91YN5,1,Q91YN5
solubility_up,Q91YN5,F8VPN4,1,Q91YN5
solubility_up,Q91YN5,Q69ZN7,1,Q91YN5
solubility_up,Q91YP2,Q91YP2,1,Q91YP2
solubility_up,Q91YP2,F8VPN4,1,Q91YP2
solubility_up,Q91YY4,Q91YY4,1,Q91YY4
solubility_up,Q91YY4,P70170,1,Q91YY4
solubility_up,Q91YY4,F8VPN4,1,Q91YY4
solubility_up,Q91Z31,Q91Z31,1,Q91Z31
solubility_up,Q91ZR2,Q91ZR2,1,Q91ZR2
solubility_up,Q91ZR2,F8VPN4,1,Q91ZR2
solubility_up,Q91ZR2,P70170,1,Q91ZR2
solubility_up,Q921M7,Q921M7,1,Q921M7
solubility_up,Q922Y1,Q922Y1,1,Q922Y1
solubility_up,Q922Y1,Q64727,1,Q922Y1
solubility_up,Q922Y1,Q9R269,1,Q922Y1
solubility_up,Q924Z4,Q924Z4,1,Q924Z4
solubility_up,Q924Z4,P70170,1,Q924Z4
solubility_up,Q99J36,Q99J36,1,Q99J36
solubility_up,Q99J36,Q69ZN7,1,Q99J36
solubility_up,Q99J36,F8VPN4,1,Q99J36
solubility_up,Q99JH8,Q99JH8,1,Q99JH8
solubility_up,Q99JH8,P70170,1,Q99JH8
solubility_up,Q99JH8,F8VPK0,1,Q99JH8
solubility_up,Q99JR5,Q99JR5,1,Q99JR5
solubility_up,Q99JR5,F8VPN4,1,Q99JR5
solubility_up,Q99JR5,Q69ZN7,1,Q99JR5
solubility_up,Q99JX3,Q99JX3,1,Q99JX3
solubility_up,Q99JX3,Q69ZN7,1,Q99JX3
solubility_up,Q99JX3,F8VPN4,1,Q99JX3
solubility_up,Q99K28,Q99K28,1,Q99K28
solubility_up,Q99K28,P70170,1,Q99K28
solubility_up,Q99K82,Q99K82,1,Q99K82
solubility_up,Q99K82,F8VPN4,1,Q99K82
solubility_up,Q99KK7,Q99KK7,1,Q99KK7
solubility_up,Q99KK7,F8VPN4,1,Q99KK7
solubility_up,Q99KK7,P70170,1,Q99KK7
solubility_up,Q99KR3,Q99KR3,1,Q99KR3
solubility_up,Q99KR3,F8VPN4,1,Q99KR3
solubility_up,Q99KR3,P70170,1,Q99KR3
solubility_up,Q99KR7,Q99KR7,1,Q99KR7
solubility_up,Q99KR7,Q9CR16,1,Q99KR7
solubility_up,Q99KR7,Q69ZN7,1,Q99KR7
solubility_up,Q99KR7,F8VPN4,1,Q99KR7
solubility_up,Q99KU0,Q99KU0,1,Q99KU0
solubility_up,Q99KU0,P70170,1,Q99KU0
solubility_up,Q99KU0,F8VPN4,1,Q99KU0
solubility_up,Q99LB6,Q99LB6,1,Q99LB6
solubility_up,Q99LB6,F8VPN4,1,Q99LB6
solubility_up,Q99LP6,Q99LP6,1,Q99LP6
solubility_up,Q99LP6,Q64727,1,Q99LP6
solubility_up,Q99LP6,Q9R269,1,Q99LP6
solubility_up,Q99LP6,P70170,1,Q99LP6
solubility_up,Q99M01,Q99M01,1,Q99M01
solubility_up,Q99M01,F8VPN4,1,Q99M01
solubility_up,Q99PP9,Q99PP9,1,Q99PP9
solubility_up,Q99PP9,F8VPN4,1,Q99PP9
solubility_up,Q9CQC6,Q9CQC6,1,Q9CQC6
solubility_up,Q9CQK7,Q9CQK7,1,Q9CQK7
solubility_up,Q9CQK7,P70170,1,Q9CQK7
solubility_up,Q9CQW1,Q9CQW1,1,Q9CQW1
solubility_up,Q9CQX2,Q9CQX2,1,Q9CQX2
solubility_up,Q9CQX2,F8VPN4,1,Q9CQX2
solubility_up,Q9CR16,Q9CR16,1,Q9CR16
solubility_up,Q9CR16,Q99KR7,1,Q9CR16
solubility_up,Q9CR16,F8VPK0,1,Q9CR16
solubility_up,Q9CR16,P70170,1,Q9CR16
solubility_up,Q9CR16,F8VPN4,1,Q9CR16
solubility_up,Q9CR26,Q9CR26,1,Q9CR26
solubility_up,Q9CR26,F8VPK0,1,Q9CR26
solubility_up,Q9CR26,Q64727,1,Q9CR26
solubility_up,Q9CR26,P70170,1,Q9CR26
solubility_up,Q9CR26,F8VPN4,1,Q9CR26
solubility_up,Q9CY50,Q9CY50,1,Q9CY50
solubility_up,Q9CY50,P28665,1,Q9CY50
solubility_up,Q9CY50,Q69ZN7,1,Q9CY50
solubility_up,Q9CYG7,Q9CYG7,1,Q9CYG7
solubility_up,Q9CYG7,F8VPK0,1,Q9CYG7
solubility_up,Q9CYG7,Q8CGY6,1,Q9CYG7
solubility_up,Q9CYG7,Q64727,1,Q9CYG7
solubility_up,Q9CZ30,Q9CZ30,1,Q9CZ30
solubility_up,Q9CZ30,F8VPN4,1,Q9CZ30
solubility_up,Q9CZ30,Q69ZN7,1,Q9CZ30
solubility_up,Q9CZ30,P70170,1,Q9CZ30
solubility_up,Q9CZW4,Q9CZW4,1,Q9CZW4
solubility_up,Q9CZW4,F8VPN4,1,Q9CZW4
solubility_up,Q9CZY3,Q9CZY3,1,Q9CZY3
solubility_up,Q9CZY3,Q9D2M8,1,Q9CZY3
solubility_up,Q9CZY3,Q69ZN7,1,Q9CZY3
solubility_up,Q9CZY3,F8VPN4,1,Q9CZY3
solubility_up,Q9D0C4,Q9D0C4,1,Q9D0C4
solubility_up,Q9D0C4,F8VPN4,1,Q9D0C4
solubility_up,Q9D0F9,Q9D0F9,1,Q9D0F9
solubility_up,Q9D0F9,F8VPN4,1,Q9D0F9
solubility_up,Q9D1Q6,Q9D1Q6,1,Q9D1Q6
solubility_up,Q9D1Q6,F8VPN4,1,Q9D1Q6
solubility_up,Q9D1Q6,Q69ZN7,1,Q9D1Q6
solubility_up,Q9D1X0,Q9D1X0,1,Q9D1X0
solubility_up,Q9D1X0,Q571I9,1,Q9D1X0
solubility_up,Q9D2M8,Q9D2M8,1,Q9D2M8
solubility_up,Q9D2M8,Q9CZY3,1,Q9D2M8
solubility_up,Q9D2M8,Q69ZN7,1,Q9D2M8
solubility_up,Q9D2M8,F8VPN4,1,Q9D2M8
solubility_up,Q9D2M8,P61087,1,Q9D2M8
solubility_up,Q9D3D9,Q9D3D9,1,Q9D3D9
solubility_up,Q9D3D9,Q571I9,1,Q9D3D9
solubility_up,Q9D3D9,P28665,1,Q9D3D9
solubility_up,Q9D3D9,Q69ZN7,1,Q9D3D9
solubility_up,Q9D6K8,Q9D6K8,1,Q9D6K8
solubility_up,Q9D6U8,Q9D6U8,1,Q9D6U8
solubility_up,Q9D6U8,Q64727,1,Q9D6U8
solubility_up,Q9D6U8,F8VPK0,1,Q9D6U8
solubility_up,Q9D6U8,P70170,1,Q9D6U8
solubility_up,Q9D710,Q9D710,1,Q9D710
solubility_up,Q9D710,P70170,1,Q9D710
solubility_up,Q9D710,F8VPN4,1,Q9D710
solubility_up,Q9D7J4,Q9D7J4,1,Q9D7J4
solubility_up,Q9D7J4,P70170,1,Q9D7J4
solubility_up,Q9D7X8,Q9D7X8,1,Q9D7X8
solubility_up,Q9D7X8,Q69ZN7,1,Q9D7X8
solubility_up,Q9D7X8,F8VPN4,1,Q9D7X8
solubility_up,Q9D7X8,P28665,1,Q9D7X8
solubility_up,Q9D8S9,Q9D8S9,1,Q9D8S9
solubility_up,Q9D8S9,Q8BGS2,1,Q9D8S9
solubility_up,Q9D8S9,Q571I9,1,Q9D8S9
solubility_up,Q9D8S9,F8VPN4,1,Q9D8S9
solubility_up,Q9D9V3,Q9D9V3,1,Q9D9V3
solubility_up,Q9D9V3,P70170,1,Q9D9V3
solubility_up,Q9DB20,Q9DB20,1,Q9DB20
solubility_up,Q9DB20,P70170,1,Q9DB20
solubility_up,Q9DB20,Q64727,1,Q9DB20
solubility_up,Q9DB60,Q9DB60,1,Q9DB60
solubility_up,Q9DB60,Q571I9,1,Q9DB60
solubility_up,Q9DB60,F8VPN4,1,Q9DB60
solubility_up,Q9DBC7,Q9DBC7,1,Q9DBC7
solubility_up,Q9DBC7,F8VPN4,1,Q9DBC7
solubility_up,Q9DBC7,Q69ZN7,1,Q9DBC7
solubility_up,Q9DBP5,Q9DBP5,1,Q9DBP5
solubility_up,Q9DBP5,Q9R0Y5,1,Q9DBP5
solubility_up,Q9DBP5,F8VPN4,1,Q9DBP5
solubility_up,Q9DBP5,P70170,1,Q9DBP5
solubility_up,Q9DBP5,Q69ZN7,1,Q9DBP5
solubility_up,Q9DBZ1,Q9DBZ1,1,Q9DBZ1
solubility_up,Q9DBZ1,Q8BMK4,1,Q9DBZ1
solubility_up,Q9DBZ1,Q9R269,1,Q9DBZ1
solubility_up,Q9DCJ9,Q9DCJ9,1,Q9DCJ9
solubility_up,Q9DCJ9,F8VPN4,1,Q9DCJ9
solubility_up,Q9DCV4,Q9DCV4,1,Q9DCV4
solubility_up,Q9DCV4,F8VPK0,1,Q9DCV4
solubility_up,Q9DCV4,Q64727,1,Q9DCV4
solubility_up,Q9DCV4,P70170,1,Q9DCV4
solubility_up,Q9DCV4,Q8CGY6,1,Q9DCV4
solubility_up,Q9DCX2,Q9DCX2,1,Q9DCX2
solubility_up,Q9DCX2,Q64727,1,Q9DCX2
solubility_up,Q9DCX2,Q9R269,1,Q9DCX2
solubility_up,Q9DCX2,P70170,1,Q9DCX2
solubility_up,Q9DCX2,F8VPK0,1,Q9DCX2
solubility_up,Q9DCZ4,Q9DCZ4,1,Q9DCZ4
solubility_up,Q9DCZ4,P70170,1,Q9DCZ4
solubility_up,Q9EQ06,Q9EQ06,1,Q9EQ06
solubility_up,Q9EQ06,P70170,1,Q9EQ06
solubility_up,Q9EQ06,P08074,1,Q9EQ06
solubility_up,Q9EQ06,F8VPN4,1,Q9EQ06
solubility_up,Q9ES00,Q9ES00,1,Q9ES00
solubility_up,Q9ES00,F8VPN4,1,Q9ES00
solubility_up,Q9ES00,P70170,1,Q9ES00
solubility_up,Q9JHU2,Q9JHU2,1,Q9JHU2
solubility_up,Q9JHU2,Q9R269,1,Q9JHU2
solubility_up,Q9JHU2,Q64727,1,Q9JHU2
solubility_up,Q9JI99,Q9JI99,1,Q9JI99
solubility_up,Q9JI99,P70170,1,Q9JI99
solubility_up,Q9JI99,F8VPN4,1,Q9JI99
solubility_up,Q9JIW9,Q9JIW9,1,Q9JIW9
solubility_up,Q9JIW9,Q6PHN9,1,Q9JIW9
solubility_up,Q9JK42,Q9JK42,1,Q9JK42
solubility_up,Q9JK42,Q8BFP9,1,Q9JK42
solubility_up,Q9JK42,P70170,1,Q9JK42
solubility_up,Q9JK42,F8VPN4,1,Q9JK42
solubility_up,Q9JK48,Q9JK48,1,Q9JK48
solubility_up,Q9JK48,Q64727,1,Q9JK48
solubility_up,Q9JK48,P70170,1,Q9JK48
solubility_up,Q9JK48,F8VPK0,1,Q9JK48
solubility_up,Q9JK48,Q9R269,1,Q9JK48
solubility_up,Q9JKV1,Q9JKV1,1,Q9JKV1
solubility_up,Q9JKV1,Q571I9,1,Q9JKV1
solubility_up,Q9JL26,Q9JL26,1,Q9JL26
solubility_up,Q9JL26,P70170,1,Q9JL26
solubility_up,Q9QWW1,Q9QWW1,1,Q9QWW1
solubility_up,Q9QWW1,Q9R269,1,Q9QWW1
solubility_up,Q9QWW1,Q64727,1,Q9QWW1
solubility_up,Q9QXM1,Q9QXM1,1,Q9QXM1
solubility_up,Q9QXM1,Q64727,1,Q9QXM1
solubility_up,Q9QXM1,Q9R269,1,Q9QXM1
solubility_up,Q9QXM1,F8VPK0,1,Q9QXM1
solubility_up,Q9QXM1,P70170,1,Q9QXM1
solubility_up,Q9QYS9,Q9QYS9,1,Q9QYS9
solubility_up,Q9QZ23,Q9QZ23,1,Q9QZ23
solubility_up,Q9QZ23,Q69ZN7,1,Q9QZ23
solubility_up,Q9QZ23,F8VPN4,1,Q9QZ23
solubility_up,Q9QZ73,Q9QZ73,1,Q9QZ73
solubility_up,Q9QZ73,Q8BZJ7,1,Q9QZ73
solubility_up,Q9QZ73,P70170,1,Q9QZ73
solubility_up,Q9QZH6,Q9QZH6,1,Q9QZH6
solubility_up,Q9QZH6,F8VPN4,1,Q9QZH6
solubility_up,Q9R0G6,Q9R0G6,1,Q9R0G6
solubility_up,Q9R0G6,Q9Z1T2,1,Q9R0G6
solubility_up,Q9R0G6,F8VPN4,1,Q9R0G6
solubility_up,Q9R0G6,Q69ZN7,1,Q9R0G6
solubility_up,Q9R0Y5,Q9R0Y5,1,Q9R0Y5
solubility_up,Q9R0Y5,Q9DBP5,1,Q9R0Y5
solubility_up,Q9R0Y5,F8VPN4,1,Q9R0Y5
solubility_up,Q9R0Y5,P70170,1,Q9R0Y5
solubility_up,Q9R111,Q9R111,1,Q9R111
solubility_up,Q9R111,F8VPN4,1,Q9R111
solubility_up,Q9R111,P70170,1,Q9R111
solubility_up,Q9R1S8,Q9R1S8,1,Q9R1S8
solubility_up,Q9R1S8,Q69ZN7,1,Q9R1S8
solubility_up,Q9R1S8,F8VPN4,1,Q9R1S8
solubility_up,Q9R269,Q9R269,1,Q9R269
solubility_up,Q9R269,Q64727,1,Q9R269
solubility_up,Q9R269,F8VPK0,1,Q9R269
solubility_up,Q9R269,P70170,1,Q9R269
solubility_up,Q9WUA3,Q9WUA3,1,Q9WUA3
solubility_up,Q9WUA3,P12382,1,Q9WUA3
solubility_up,Q9WUA3,F8VPN4,1,Q9WUA3
solubility_up,Q9WUA3,P70170,1,Q9WUA3
solubility_up,Q9WV80,Q9WV80,1,Q9WV80
solubility_up,Q9WV80,Q64727,1,Q9WV80
solubility_up,Q9WV80,F8VPK0,1,Q9WV80
solubility_up,Q9WV80,P70170,1,Q9WV80
solubility_up,Q9WV80,Q9R269,1,Q9WV80
solubility_up,Q9WV91,Q9WV91,1,Q9WV91
solubility_up,Q9WV91,Q69ZN7,1,Q9WV91
solubility_up,Q9WV91,P28665,1,Q9WV91
solubility_up,Q9WV91,F8VPN4,1,Q9WV91
solubility_up,Q9WV95,Q9WV95,1,Q9WV95
solubility_up,Q9WV95,Q69ZN7,1,Q9WV95
solubility_up,Q9WVG6,Q9WVG6,1,Q9WVG6
solubility_up,Q9WVG6,F8VPN4,1,Q9WVG6
solubility_up,Q9WVG6,Q69ZN7,1,Q9WVG6
solubility_up,Q9Z1T2,Q9Z1T2,1,Q9Z1T2
solubility_up,Q9Z1T2,Q9R0G6,1,Q9Z1T2
solubility_up,Q9Z1T2,Q69ZN7,1,Q9Z1T2
solubility_up,Q9Z1T2,F8VPN4,1,Q9Z1T2
solubility_up,Q9Z239,Q9Z239,1,Q9Z239
solubility_up,Q9Z239,P70170,1,Q9Z239
solubility_up,Q9Z239,Q64727,1,Q9Z239
solubility_up,Q9Z239,Q9ES00,1,Q9Z239
